{"version":1,"hash":{"type":"Buffer","data":"fgQsG65c0/OC5PMz8NqyqriqBg5MFbzsx/raQfndY70uCZj7OLPp/mkyAxnoAwWzFFbriIsmQgJ9T2ym8uFP2kjCIvxqQYrc5jZNd9ru6G1aTOFcaPC9nsM/ZWSzeHIyKwofUx6PKfX1RZQA7SOAfAU5BLQn23p9x2NrY4Eqc+w="},"indexValueMap":{"SjQ2NGrHvgss+aBuS89RRrzRsl/NxeW4cCobM7TTC6U=":{"valueMac":{"type":"Buffer","data":"UgWkF9Gx1fW3Cjuh0lexGaZPJ0Jq9NjSHk2K+uqBrkU="}},"UDt6SuVX4WzSR9O1afRXA/7plpcYaKsVjOC03zqiAK8=":{"valueMac":{"type":"Buffer","data":"IF4TncNZe1GGIuSHvjXDlFe5U9qfvWlHmwNxuEevs/s="}},"Z3XNO+7y2MUPyj5+J/lsEChgpUjedRc0Nax5kZfuVbg=":{"valueMac":{"type":"Buffer","data":"gfUAPcCgzaj/fhpclBjUrvPom6Bf2ABST80BHJc89t8="}},"iIPvFZD7SNLu2y0YbuCRyrdVRC9okSI9pNGT+65MtrM=":{"valueMac":{"type":"Buffer","data":"zY55pbMmOH7Z2y0phhK8eA4ANN/mbmpsfyQN9Lqf2g8="}},"y4k15cVWbzZj3Md5Lk/hVQVMdxuRJAhAWg1BD0xW/ak=":{"valueMac":{"type":"Buffer","data":"Oze/qwuVL6WyjBQqdtUp08cLshPEEdcoW90pRuNv86g="}}}}