{"version":59,"hash":{"type":"Buffer","data":"FwkT4v1b5FTmZeYTB/90prDcdlhOpzpGrNCldq9vUN8oXZ+fTMaBqluLhElymO2wXhpsNMEsB1e+hxob+qdsnBwFO2DJhUejdCfSIz9pqEZqF5/D0ikbsFVblmQJgF2685x9L94CHZPuCDflIuFerL1yG7OymxGsquUQW/WOffs="},"indexValueMap":{"AL23GbgLn8RvEJSWRlu7wYY7K8XlReGRkMCE/Pm53j8=":{"valueMac":{"type":"Buffer","data":"Hgi+uFW8BR+cQBIHDuF/IkuGboCSePDKbASl9EJPgAA="}},"AO7AtopvAfRZlI2xjINyKYVXJP8Q+HMvZCHc9qQeb+8=":{"valueMac":{"type":"Buffer","data":"8w4b0g56FlMZKaUEe7Omm6g54c7Ni1w0XKUH8lbaFKY="}},"AZL3SYaaNlvswIhqJhqHIM28ZKH69koQCGukMPdQGRU=":{"valueMac":{"type":"Buffer","data":"O/W4+K5z869tfD86JFyTuaLsG/3+qIVHsjTucSSSUto="}},"Ap1LALkLB0W0/tEQNDDnqAkFjFViBqkHcWsgh2Mn9qQ=":{"valueMac":{"type":"Buffer","data":"Wg8LMgwdR9Kd09ZMBDowtilT0yMVXopjFjHZ6n+tp/4="}},"Ar1qpCA5OmKSkisCjZUIMlKK6kjv8okImN/XjPZNO0w=":{"valueMac":{"type":"Buffer","data":"sv9s09nCQL0k/WK92R3CRt8ubu9RdnZGUTdD+WtAtmE="}},"BMqTKJRdW7Hsg+xviI+1H9iKf/JHyBcYLcaW7sRH8tg=":{"valueMac":{"type":"Buffer","data":"Ffy/2VfellOpgZStJB1WTH3N81z6avwNMC94qYzxoO4="}},"BNrrlJAOjlJFR1LEVorrk/k1B/i6vYoTF8vqgQphIWg=":{"valueMac":{"type":"Buffer","data":"MwVqznaqAkiIHdJr/rtGVYf51Vz8dJaD6/2OUGjo81A="}},"BREdvprquL4j1d3mFqLrZAuqqcHHNCB5h94TAL2UeKo=":{"valueMac":{"type":"Buffer","data":"OyJdCW7BZXG1cZoYQnM6GChF707Q70p3WWssZemU51M="}},"BYVm1OPzy0fM01TTJ6Vq3ttVpHqFwHjmQhNwIGwm4As=":{"valueMac":{"type":"Buffer","data":"3HS4cx9whq4g0HQAFUAO3t0qD62zb9oEB5YBXBOyrwU="}},"Bs8qv3/o5n4pTxK7mq/OlQkVTxqnAkTojFxj62EjZDY=":{"valueMac":{"type":"Buffer","data":"Vw32D2FrGIx8RsgyzUtnnRdTkkfB5HQA43OclCQbEP0="}},"B0obSMZNfMQSbaJ5VcgjCcbsZMYBVyJezASGrf+p3jo=":{"valueMac":{"type":"Buffer","data":"gIMiuur3OhVrI0qXPhjU59S0K8zMZLH7VAxlhQe9ZA0="}},"B2Jnh8jG4Jl984GcYN18E8fJuxcprLUhyl5wnFLUAC0=":{"valueMac":{"type":"Buffer","data":"78JnCE4l70IsOGHP/12RPSlmLcPX9FbkpgrINm9zevY="}},"B6A7AVBENkKFbN38inJFM4Q6WD+mM3e1jNCwRwIFBys=":{"valueMac":{"type":"Buffer","data":"QdXaTp2tZX9/mG3/4kd/mlUVrk2nfu7fBkQto/1i2SU="}},"B+rHBua8iUX190tQQnnhdEg+vMu7d/JeNjQQGAZ18Jo=":{"valueMac":{"type":"Buffer","data":"KrYhw5KVwivSCDYe0TyCm1b/GwguaEti7SThCDyHVr4="}},"CARPckabmYplcysKUFaUhoh8uVrWOt2pNXdC8kRtx30=":{"valueMac":{"type":"Buffer","data":"U+wr54kF3TsCLKNFXkOSek7xvzjc+pw1mg2bu+yFZNk="}},"CbSj68tml2UtNI1wVve+LYU26alECV86EoRIsMPBekY=":{"valueMac":{"type":"Buffer","data":"2ovj4F/h9wvWjt9tsPSNrN/PxP2yR0qMs6Jg0I8R2Ic="}},"CgNVrzzHK6GAJuODLzxPOmmyez2bXKJKlASwdOX4uKc=":{"valueMac":{"type":"Buffer","data":"Gpk3+4f0uarciwgW5umC6xWiOmviwo7a/DCQi69juew="}},"Cls0TnZFrLlxpf/mso++G89fTX8byp/mZGAzN18KXac=":{"valueMac":{"type":"Buffer","data":"Dg8DiGyUb3ojq1v8ABvub8NiY3d3nsNju6F/s2UNNBA="}},"Cp83eeHSsy8aMSBSzuMwcxRH/xkqaQE2zXmx14d9qm8=":{"valueMac":{"type":"Buffer","data":"Mraotl0XGfX/5fIeWFXkYcTSfy7PCi9VfDWbxb3mPo0="}},"DJeDsNISo6X+T1rzpziJGQoMdcnfa+4w1E/XN2zAuvA=":{"valueMac":{"type":"Buffer","data":"x3Cmakat8s6KRMTBsZym96m5rFUdvf/XfunYwtNryfc="}},"DpSXIeMAS6RCZ4TUdSaUmC2L42Uddds58cXOWa7HgGk=":{"valueMac":{"type":"Buffer","data":"um8DZsL95cbtumR+ZBVDEyQOkajbXaTtZuXEc+iSRGg="}},"DtWAlR8RRv4V8WpiuUIR3i1TUDGhcVS4/x8eTXDwsQY=":{"valueMac":{"type":"Buffer","data":"Cb5NFw1DCivsaSJ9fHefy3Yz5ClECzQ2CMT15HrXqb4="}},"E//ko4j4CY8wrM2jQfxhF3iDceG1B5g/CrfpvBz4Xzg=":{"valueMac":{"type":"Buffer","data":"nC8nJFuD4zdYYLR8MO8VDDFhUGZa1EHsDPwAcG9RXWM="}},"FM+QSgj5kAIThGDzXnpNdeX7SXXBmvYpxqoCHuruwq4=":{"valueMac":{"type":"Buffer","data":"ATeNHX5Q5clQ0uj4fEMQUH86QEFuCQYzn3ysP94BBXQ="}},"FfnIq1V+vn2+NS3cskcCFkYQMm4lmRkwfinowuBbABY=":{"valueMac":{"type":"Buffer","data":"Vx3GwkNL3G3jm6cIV/9YfggQLsPuO5UAys9l2lCWaGw="}},"Ff4oMvQ2Oi7tzZWKlQ9i2tj8WQpE1eEKhFJ8q/UQEyE=":{"valueMac":{"type":"Buffer","data":"cUNleL/FTlPWyFEbTSQ5temOrkimRA1hIV5qcTIos1k="}},"FgV/XPGhIJJrfV7cZWlxx4QkO2MX8jTSw2c4328XsrY=":{"valueMac":{"type":"Buffer","data":"dCQNVqDMjGgePw1QgD5slcRyCa+OcaCT1fE+fA6s/8M="}},"FxmVyEaxZxYiYsn19694xpa09Ur1hR+RRIq3XhYiuB0=":{"valueMac":{"type":"Buffer","data":"T9524uqGolgeXFsKd7Raxz129vgefkr1swvcSM0MDG8="}},"F0QU9cv7slHFqHOEF6hm/Wct697WbTyXlcq4xdXhZ+A=":{"valueMac":{"type":"Buffer","data":"ByfYKJ31ANw53U49nCxYVYQkBWSiFr/0tA0tA8J/Liw="}},"F+jb/8S+XUU9kZ+vMLwY79tu7H1VtwkYOCkZZvNnE00=":{"valueMac":{"type":"Buffer","data":"KOK4SvaPmITGB+XxLN0hJfcSwLBq6xvTIYxUqxFPOyE="}},"GB0Qe2QBWVydJk4gmDBbofdPg8Uu80I6AxfskoQAxtc=":{"valueMac":{"type":"Buffer","data":"TuVZJoqn+xKmPKli9JvsljvDjzNRD+HWIdcegFv0Eg0="}},"GaZEBYHg4DITr7wR9ooqxbwSWEGFFxg8rGNmXQquRvI=":{"valueMac":{"type":"Buffer","data":"YgG7eDPmLQROBtdZDLtNseJGhjwTLw/ZKtDUhkErlgc="}},"Gb1xYMoSQ9xq3gJE6Ql8TmEGgRR6PJONqzcM90hpXoI=":{"valueMac":{"type":"Buffer","data":"foBCxiKE0zAduzujrCzX7lX3wRL7bCNjjUeFyjiGbbo="}},"GoGQQwwNSzksKR4NdlJAqCVRopP6eqGdd03FUS6J7Ns=":{"valueMac":{"type":"Buffer","data":"7OMxwlpm9vmuCj3/pDcd0DvtwYgF7NUyFMzOHaXtNp8="}},"GomVmbzWlZZb3JhTNpuKiuvsdqfckg/aURoNq4Z/RE0=":{"valueMac":{"type":"Buffer","data":"QWT5BHdvyK150GIgv/LVevnsQA6IKmJtmfQrrH2bW8Y="}},"HDRuTeoF7oRXLPbGpB+AYrNwk7MDKjAVOarxn+17QWA=":{"valueMac":{"type":"Buffer","data":"cefl+yfo5fJrmqgawCSs4odMjFqS44snm01a2GlXR78="}},"HFh3bofF8wcUVEdHXmK6inWHK1YPQdhlTQMEw7y2NT0=":{"valueMac":{"type":"Buffer","data":"fSB4mhf4GVgkez6dugGKJCdoRtVOHEuInOwUCRDgm7I="}},"HIFMFHj7hPrHqmHbLfyAo5tERqwAcO129sgF5A+X5hE=":{"valueMac":{"type":"Buffer","data":"RqtcCYADRQC0YdC+Fpfb3X5O63wLFSoNFDy5vbl5Jq4="}},"HM/LEIge93N2O376FgfrHFZRPrfjy+v3NcCVfp21Lvs=":{"valueMac":{"type":"Buffer","data":"uMcLFANyUF+Kdu252e21t6ixqKReaY9oLL1ZECp+3SI="}},"HYiUjy/FA7t7NPC/MBWW3hXTYig/3KrGLBiRRqpaZCo=":{"valueMac":{"type":"Buffer","data":"d4m99jfWSIgPlmQptnzcysoR/muTWaAuptdZwobYe70="}},"HZcK7e391HjMYQOKNkO2G8qEaAlJxLFnuavOQ3qosg8=":{"valueMac":{"type":"Buffer","data":"Bjw9nFmpaUec3Ops0wd4QpPLvAbXIMnUf24xyPZ1mxw="}},"Hbmbf/KJPh2r2Gdx9wP5XlQSIBrbTpxVUTfWwQrkB/s=":{"valueMac":{"type":"Buffer","data":"yqSESiFwHqB4gnWD9J43kQW6PvqLxF151ZcE6w9/mAU="}},"HldeS1ZZQjzFwV/buw90JhuD/VugbPmZAyVmPMGAeiw=":{"valueMac":{"type":"Buffer","data":"1u5EKSNxQl+SkIUN3dVq2kgntD29it5QMvaMcUx2tKQ="}},"Hu6UshBh0486iv4dLoXY0alJe1IdFiA8bwWmpq5GnUw=":{"valueMac":{"type":"Buffer","data":"pfTGIc53nymj/dbQQrjNLp3nqmm5vBk24LBo5EAuq9g="}},"H8ibG/3kX8GUoFSL7uC/r8v1XPr2lMG07vFwEyfvhxI=":{"valueMac":{"type":"Buffer","data":"bdniAGWMER/pE7NObZbkOe7mzi6PRY4erarOJgR/2Og="}},"IRyhgXUBtL0i7UbGMeGJ8zcy44TLkX42y/PGlRUouLg=":{"valueMac":{"type":"Buffer","data":"LZ+yHHFyRpQPGjnf+AC826BP0wJ+WSYrNo2Rh+saFEI="}},"InyDMX4jPEeY3KlpqLUW4LWoixes3pyCRfk06SaC+ng=":{"valueMac":{"type":"Buffer","data":"m7b/mzyw5LoWNBYeP/ZVQ2fLD0Bf1O4MbJ922oOuAII="}},"Iwctg9+gHrCHhKtPDfeGpISwa5kN3ibNELs3LGnFsko=":{"valueMac":{"type":"Buffer","data":"TXwVYJLQBsFQhhzOLGq+gbZhulO3WNw7+jyj2EZc1l4="}},"I8KXLnJ1lNF+mIi3D5QtExmVKMXeMSAvTcJbW7JVgbY=":{"valueMac":{"type":"Buffer","data":"LA1g/oJ7o+/kBGKFbj8D+TDu1Ppdj8k9089PT3JIQP4="}},"I9zvquzOPJYqtV2csE0VZ+HUu5FRkSPl8dC4gJkG/ok=":{"valueMac":{"type":"Buffer","data":"tKZBQ42vuPJOl9Mrf7b2mDYRSx4t09xi3fJQ+fLl/DQ="}},"JLqPmomIAn0C9r8YtTqS0WiiHEVKF0aU4WbXUvSat7M=":{"valueMac":{"type":"Buffer","data":"9A8yE76SHbXkO8ZClzBAqU3DXUXU2MVumL7G5coppjI="}},"JuMqkrtfbFL4xDj2RRbNo4v68vje99FZO/KxFOsivyg=":{"valueMac":{"type":"Buffer","data":"dionP36HWE3Nl4F7AuQbdmTEQnrCFsp7BXc+0eBA39A="}},"J7G2apF7rfWIEPy1V+QV16ZAO2ckp0RlKeYZfC4ieLc=":{"valueMac":{"type":"Buffer","data":"XCEsiU7C5LtUQ9QPku6LvwKaKW+wqOYWfK+OkScvm5Y="}},"J/FAQkA15Er9B4LFL+mDacJ6p2+7gNfa/LuJaYAUdE8=":{"valueMac":{"type":"Buffer","data":"D3bBhRUDFFu88Oxg+eqVz6huZnR+izJOaXOQDkcy6F8="}},"KHuJRKA0AnsP/GD+QBWSR9xo2RrxLzwkE0W480MR4vU=":{"valueMac":{"type":"Buffer","data":"zPeGsPLiHYrifPpl8DnSDB5GgwaK5hV3+3Aa+DaqYe0="}},"LNmaNqQeTbrwP/UYPSbkz4rUZ4NRI0fb39vUP3iDSek=":{"valueMac":{"type":"Buffer","data":"LwVB34Hytbb6woRbLwca8uU3AYvJL71raKXabQlu9ug="}},"LPwNhMz86sXXtpAF1pgZaoxJweUn4Tqv/wyH1pdmOyY=":{"valueMac":{"type":"Buffer","data":"E3vR6OWKlO4P2GVz3XLMp5hSk0aCOhp0lol9zAFlUr8="}},"LmkO9lZ0L1+LwnVTALhSBQabGxpfLLVobma0VQ9vwqU=":{"valueMac":{"type":"Buffer","data":"qIC8lCd7qM74k2ifrr4iNjSnqoCczeKIwUGWQx9+01I="}},"L2QCdU6XiiroHkYO8kZItD6pFbtG46UZQzF7inFpO6U=":{"valueMac":{"type":"Buffer","data":"5JLo04rM3JNatb9xB2flOgngHjx5sjY4mDpAqJPzmFE="}},"L7Bxbbe1EaAIzL4UkpRRAXpH7dXGV/rXOTAmzAvmRhc=":{"valueMac":{"type":"Buffer","data":"VfnMrJjnxsxRvmK7iQ7Iuc/sgFG3wc6UnT/VmKQVjJo="}},"MM4S4WvOmCiaQtsyS5lQvcwlRcWDWUJJ50W3Su+lxLw=":{"valueMac":{"type":"Buffer","data":"s3WSWM0AnNhbCK+78fPQ0dT17ExKx3d07YmTP6ibK8g="}},"Mm5TQOtTbGECtVJ0JYGFt4NSlAqgvwHWaylMikWC6LU=":{"valueMac":{"type":"Buffer","data":"PVYdB8IdiIoFoq80zPuV9glVafGTuy+kZMVFTZHnmpY="}},"MuVdt6bOyfzxpu4ReV/rePce+OHfv32LDfLqcAK2pBo=":{"valueMac":{"type":"Buffer","data":"yzmhdQTs6E02Sjpcb7OkVJLornp5twNvlYBBdCOu5Ck="}},"M26WSm9KbktL5OumQllCqgbVIk6pda4xmNpG8q1AOTQ=":{"valueMac":{"type":"Buffer","data":"BNvPWCAIpiMm6BSttZVWXlzItDZyHPCHGYoG8sADcWI="}},"NKd4UblVF2LKbllXnAVsXVfCaa7E8Qlau7klQLJmK0c=":{"valueMac":{"type":"Buffer","data":"5BSZiJgQAfJpo1qtqMlNC1e2VhGaxzSsGCN4Rg8b4C8="}},"NTQha+HpQZdYlmd2hNx1SE+/lhcmK1p3BkDAmK05Vxc=":{"valueMac":{"type":"Buffer","data":"b94WCXN9Kq5L1Xe29/E4lbaov4/0EHs9Y7L5vDqX2p0="}},"N8aATxo/h2iF8JgLDzX/MHNqY6fq39g4ZnNimhsUnsI=":{"valueMac":{"type":"Buffer","data":"GZD97lXnLqKG6Jci7Nlz2njaABtGVhoMEtcLbcfYK40="}},"OEVfRiNNJ2M6Po6ZkyH2yCR46FF8NwqxbEauIdr88l0=":{"valueMac":{"type":"Buffer","data":"z8GOB5toy9PobAojaB6Yy5IWQGeVgJkQqrqJriwvyYk="}},"Ou4Hv77r4yXKmxSf4XAVbTVkoQ+ePWt96e7c7O+WJbo=":{"valueMac":{"type":"Buffer","data":"mKLOJCUoQ0Lwti1kvAR8wkTLnhfwQZ5qbKuAaJQPe6M="}},"Ox3t5/KWJjwf/tmXgn25t+1vw61vzYcn9Z4dh6NeQHY=":{"valueMac":{"type":"Buffer","data":"80KJMQvg8EZGUtano/3+JKUSdjv8/3iM+dgF3SaOby4="}},"O2coa3rMKsniKSbt6cP79AX1FOzLeBJOSxtp20thAVE=":{"valueMac":{"type":"Buffer","data":"JeF9le+Cq41w90eDm1VYiHRLiEfCp0qP1V3C4AnOuy8="}},"PK6j++wCo2NLftqwAKf1NekLrwuntJqpvevcmAPcLUE=":{"valueMac":{"type":"Buffer","data":"etmybnwNPjyJ2oyjZAjmZ9kEIFBSufyZCCSEV7PGjFs="}},"PWOxMW7rsjjXi5OGoxqLjCAfS8PfWyTkw3OwZWth1KM=":{"valueMac":{"type":"Buffer","data":"39xlNGtkP2KMvE1DiZ+CgtnLs8bEiI1v+Gbqyy6y9oE="}},"Pt74OO60xbv7ui2hk9f5infK54Ka0/NAayl74pP8wzs=":{"valueMac":{"type":"Buffer","data":"WCVx4Kj/zDPrlDPSxEI3h4v6niFJXyhjilJ/JgPEZcU="}},"Pznt2Tc7gm1lte362Kt+novWw3hu+ehbINlTaBO2ut4=":{"valueMac":{"type":"Buffer","data":"Lb/XhQ1qecEERRIjFoE17ZcdN+RLJD2LvGjYUzTUVMs="}},"QN7FjWHu7JqvZQYywkG5JEBOaJHzPGxtza7xZ9QUdCk=":{"valueMac":{"type":"Buffer","data":"t8QfbgIORdBhVjm2lqQy0ZrsWMdgszzjzuYAeBCjm8U="}},"QTRM1qnY0fH3PIF6usIbhaK9gwXgMuFOXprZgIyFskI=":{"valueMac":{"type":"Buffer","data":"ZCBpGXzq67UNXaNJrGuaYpr80Cqdhbe4HyrJHc+5cN4="}},"QoOXj3J4jN7O5vukUZfwuJ9Jjt8aNrYaTS6WPLDVBBU=":{"valueMac":{"type":"Buffer","data":"R7sQJHs++9b2Z96xmrCLf8RkI2O8aK5lMMbs6p67N/Y="}},"Q6WLy8mnvFOZIHFSsjkK0pCMngqjW97cHrOhBOXPnaM=":{"valueMac":{"type":"Buffer","data":"AtD7egqraA4i7l1YddOSD5nnv+1FpXZfv8DFauV/qAc="}},"SCL1Pfhk+DnSzH9uJOM3JKPw0ohpjRmhp7cPWeT92+s=":{"valueMac":{"type":"Buffer","data":"tM27TworEUjC35X8ZgWMRAkkHYlrKuZnl1qtpGBEWJo="}},"SIupc9h1i1bvzHjiRWwg/7lmeqeRPsOKOZEGrFSS5EM=":{"valueMac":{"type":"Buffer","data":"8EE72PNHbII9Utw1Vxpmhm3HERQedtpT0ST5LMrNQ3k="}},"ShvFq8GTzUfOu0aV2rm/Rh3cVgYxeOd7jzfcwjckiFk=":{"valueMac":{"type":"Buffer","data":"pxEbHdvX4iYkXQBlXbPW3+sl5GqtLRtiKfmsA9pwrtI="}},"Smc8PTP/ZSgiMuhpebC+J4NJdYHUDbljOOdAHfoeXmw=":{"valueMac":{"type":"Buffer","data":"agcZNerd28YPevdVCXVOxFAn9x2Ofz78PzctDvT8Sl0="}},"SmdC34D8sCbZgx0JovqXH7x7+xWASbmQVh+C4CBAGXs=":{"valueMac":{"type":"Buffer","data":"hekUtpkVZRcB0raJmN9yYFhz60/wjW68LgTNyEwPNfo="}},"TYJDjkwUp8mpZlmS2fv7c0X3wtEqvnL8wLd9UkLxWA8=":{"valueMac":{"type":"Buffer","data":"+wlOppee/d20rfs3t27656S+aQxykXSwym3gomsa5yI="}},"TZKHqxmwzG+9CuSwWettKUnayHD28hWwSzC6GmL/HeI=":{"valueMac":{"type":"Buffer","data":"cLeSyqn0NORFOgv+DGTBrzWQ2NGMxKv7bhWkTzw645A="}},"TdfCMkkBY2ByNukGMhXkVmRFkrKW93p5F4pn+U5PcLo=":{"valueMac":{"type":"Buffer","data":"y4coYRJjTZrmG/dZQarC2P+8TCqF4M285W7KlY6mw4M="}},"TzzCAzU0d5GNtymnRoCyZJUg0QyXc7wpd8/iizOe72Y=":{"valueMac":{"type":"Buffer","data":"cGEZqL/gF9U36IJaiQyqBR0MfZfpU99/kmdvlJdNlhk="}},"T+NndAcE+EcpJrAFIAucGbgNRSlS1MpyAn1vYKU0s68=":{"valueMac":{"type":"Buffer","data":"zoFTUM15nwxK9nqzBIoafbLfgo2SjKCM1SyzsNJ5VhA="}},"UElSM89SlZ9bKAF+EVJmE/FtY1uYsGf6ZKR882Rf8w0=":{"valueMac":{"type":"Buffer","data":"wLZCFTC1TAxxSO6x2ryd2qSGGjcxAqDlNgSktMC8z28="}},"UZxXujR+KLCRLzKINW6443CQWkUMXqmjHngpujP/HE4=":{"valueMac":{"type":"Buffer","data":"4Ng+R0nWRz8MWYwa+zu9bOsbLEl88O2ngHmJU+hOZpA="}},"Uw6oPzFV3HV+uF8vzUqPp4mWaCH1IjClNUKZtUnHV+U=":{"valueMac":{"type":"Buffer","data":"GeGvRvOC2jr4aTNcB+85U9JiSDnW2WOHl+uw6y40elY="}},"Vyu5Ggro6m0qvDeJ8fHWZsv4LwMaDhJnK30dUFafhKI=":{"valueMac":{"type":"Buffer","data":"dHKKtlYNV1KFMAZldwlrgakUkZQ2cA+8iA4eEYI+fVI="}},"V0B4+4hzI75i+VcGZGbxmDasqZYfPd30qTqYx2PcaMg=":{"valueMac":{"type":"Buffer","data":"tFyKre0zB8N+eO8zw6zvt0wdHU5zt3N+8yaFMqgimnY="}},"WAioI01wNFiPyg15k1zl2aPSBGOMR7hLon2/sEvsC/c=":{"valueMac":{"type":"Buffer","data":"g9BXoQAZc+lHL0aSTNIKQEjggtdh2yHNTrQIKg70cCQ="}},"WTz78LF0n/YRlFjoGD/mgT0TMS6ljDKKD9OhFZ5pkcc=":{"valueMac":{"type":"Buffer","data":"Z8sjLSdImb/b0/Squa2vfirGFcdB3GE0XjysxrKaKgU="}},"WU3/lq5t4+Nk4se8BrM2U2DDB7DymdI8pmYmtlP7Lpc=":{"valueMac":{"type":"Buffer","data":"DyPsJvmy2ElEAGkQoJ8z5W7t4r5owOaVpoTiUgQ3ywQ="}},"Wp8l3zzIDDQRU+P40kyrC/JUcaGbPK1Ol7Vu75eEFnE=":{"valueMac":{"type":"Buffer","data":"WPG36gTPv4UYY5mUMLNEQc1zI9Y9aaAHAdC0kO/LRO4="}},"Ws/GnY1pNfFLlykbA8DA9KxsqsJR/J19nBnkFdxKCsc=":{"valueMac":{"type":"Buffer","data":"QjJTF5u6bVO7JKUD/ZRkVfpZHsfvdTVsNuM/n5pGZos="}},"XVFx0ObjejUA86rKRGn1ejjXRis3LiPZqSUb0QNwZy0=":{"valueMac":{"type":"Buffer","data":"3sxgMTQTdeWFeQ0WIcBX7epNSC4sPHLepsJYVlsTXcw="}},"XVp1RrLGU/f62a6BVbpgRKnS/ebjYFN+zC2PpjoQ8uk=":{"valueMac":{"type":"Buffer","data":"yVm97HBouorM3tpdTUH8gP8UCTZJjBvdCYOZkHTopHA="}},"XXBWkPIDNBp/4B4HfF1SCUt/v3AVRIJ6gEPVAp8jWpw=":{"valueMac":{"type":"Buffer","data":"az1lGYGKxPJqeW6byduiH0zJgUXOYjBPwM+fW4zDpx4="}},"X98EhGQ6WsGQSXYZVzVxuKs3BHSyCtwoi169t5Pxq4g=":{"valueMac":{"type":"Buffer","data":"rg68wJnV4TTwhhtE9AWbPJ75sf2nOftTcf7T/3GQo5E="}},"YA+3OK+F2UALa9I3vieoOLaw2qH+rPAErzz0e7xWZJ0=":{"valueMac":{"type":"Buffer","data":"u4LK4lMgymcS7B6UOpvH3vkoD4/otZSQDopbuPCmQMA="}},"YD34/hjFrDNgizcdrKYK7UeiaScWT0ejwzzJw5ZZqVM=":{"valueMac":{"type":"Buffer","data":"5pDdxc6woCA3HX5YQMjfU3B46LcTl1ui+QKT5C+O5M8="}},"YTTUvvqRVxeazZfcJJF4+P96rkhSp/GRii0F0/IlKtA=":{"valueMac":{"type":"Buffer","data":"SL5CRy/5MC6MimgOIVkzzWwpiLU5VBWfcVg838FKcBU="}},"YThdQtL4CVoAeVW8w8RBOxOecDu5mPnipAeogCUh0sQ=":{"valueMac":{"type":"Buffer","data":"EI+hi+8JYclOcevtG4VMg6eVF9PoK1JH6mKaT2T2iOQ="}},"YV8e75D9di++voUg4/VTL7o4S1SSorrTyCC0ajpXBrU=":{"valueMac":{"type":"Buffer","data":"cmEuJxCA3bFO0IPsJs8mWdJgOMiCIL4jjfORzzy4Lj8="}},"ZUSRQfabQTZMByT5Ia3n4lNK+YnFJULcL755W9XYptU=":{"valueMac":{"type":"Buffer","data":"QAD30fbCpDaTBM+Z3HkKWl+2gioYE5AqOh55O+Pb2Ow="}},"ZccKfu75CXYR+b1rrdvnNjEnbXh3kyNBzDMkEwDrfcw=":{"valueMac":{"type":"Buffer","data":"lsHCI+wVk68FfyCosbWDRBT69S+Q+VJ0Ia6h7vfCeYY="}},"ZjKi6sc7C5RJ9qE+mlk64QI7i+OXFm1OGiG0R8KuBmg=":{"valueMac":{"type":"Buffer","data":"4saI7AqVwIo/8GxDAgdFmlDwYweg8UsbZNo+Y+ny/uM="}},"ZksUcVyZ/7tPJnICrH41Vhuti6uUUPqnzHic/gqpj/0=":{"valueMac":{"type":"Buffer","data":"OaHpHqU2g3vyOQIax5O1lQZIjnXelK2TKD/7OBgEzg8="}},"Zyy5PR/ADZkZdgxgTjLb7LlsQrfJVp6fahXdzJkf0AI=":{"valueMac":{"type":"Buffer","data":"4YN7ZaJcqJxxMuIEXlkKxb11NjPC7t0+SNnUvrsiwSw="}},"Z0l5WjQlhXBmirhgO/j5u7x5Cp+yrnbBIuJnWPscz0A=":{"valueMac":{"type":"Buffer","data":"KuKvep0+ZhtxnnXBAFk5Pl1+hyn8k8c6i6wbGKhJhHg="}},"aYJN355d5ecY22AoDHTh2560UwxKlB8PRpEjbTaW2o0=":{"valueMac":{"type":"Buffer","data":"EdIj9Xr5EzJOLV6zBiu2mNfP3YhCLRpUpcFKFyE3tho="}},"aaxzgSGTAv6MOUC/IhWxDMDIZJnCokr9LJSy5bHvuWU=":{"valueMac":{"type":"Buffer","data":"WbnPKVmP740EkyznvvcpAHamLtdDun09ZQw3uymdeFM="}},"adMSgw2RpdV3okBVDl8oGo/2xVaY72wE3ym1d+emh5w=":{"valueMac":{"type":"Buffer","data":"nrf73LTKgIfeptoLfCj23rMv8O6lE7zJxH60YJ7rONE="}},"a1hYXdQqgZl+8EZxpQ3W80lQaCXZPNJY1/KdkctI6UM=":{"valueMac":{"type":"Buffer","data":"4FrDKLiqSKrrVEzxStugcdJb8HfxgIie/YBsRFUFiUo="}},"a88+UGOPfhO8fqpsgF1IInH+FMjFOEGZCDnPfJ8lO8s=":{"valueMac":{"type":"Buffer","data":"XAOYDYSzG3iu4h+0ugZ00YDDD7YUb+BubbHK5nPjVnk="}},"a+fGQJBfeQJVXRKkm2ypi583qpdVjFdslcU9vIc4shE=":{"valueMac":{"type":"Buffer","data":"PrUnSUsdzPieKl1u/8gTMAd82YWFs7sidqJm4dd1O8U="}},"bUv72QWUNvawWCCIN0eQYGacPUMRoZyfO+n4Pyls+ys=":{"valueMac":{"type":"Buffer","data":"W3edPh8IGseY00bHaukinZaXnczuTbxZ0+5ybW29mic="}},"bcUP0yD3D04EhPy2p/5HKfzFMx+sj9pkvzUfNKiLZTI=":{"valueMac":{"type":"Buffer","data":"SWGAl6bkQIrzQgMwHJFYM+3RTVnvaiaQYFOSJLe+csg="}},"btFQqhq/EvPsm8Q3Pyk52FydIhoa2e2LYp10JnHFd48=":{"valueMac":{"type":"Buffer","data":"8ucrNYch3QbfwJ6DrLZha+jvZzfc6K9G54Bp3d9y030="}},"byIjFcnALWNrqM+iYDFXV7mqECssC+BC54wWVc4AHNo=":{"valueMac":{"type":"Buffer","data":"0jjBsJmJS6nYVzZGqJ1OfJcBpetbUoq8P3sQbbHG5Aw="}},"bzDSoT173AD49ITuz7A23Nlq8VVNsDMKJjgzAf5E+80=":{"valueMac":{"type":"Buffer","data":"llIE6YVRWn1DES3eSn3G1+SN0B00B3LDcdiW/v6KBgg="}},"cBvaZjdzXzhA0C+l/50DEuMvqB32WCgZWfN11o//H5A=":{"valueMac":{"type":"Buffer","data":"VZFAgBb1cTpfXfUODNUuOp/o4zojs9UHrFAD70biLYg="}},"coPn77nakaZ57ss8JEyXC3qsF3dfPJaDHLOP0rqpTWc=":{"valueMac":{"type":"Buffer","data":"NP+yQrIXZXXH35wDRWmotQ9Jqc4F8VidX+XheyDnnBA="}},"cwqfOYY8FJhAgQHBdn44e/K5uEh3/pbPsBxe9Bi3VXs=":{"valueMac":{"type":"Buffer","data":"2ZU9+6HYeR4l9cvwmjhE0s5kJSNOoGC3WTnmL1Uem60="}},"c64qgvDqVp+9tPxPeSEWZ+qI6eXMYYc5qLhgz6sIBPc=":{"valueMac":{"type":"Buffer","data":"U9dhX+Ln0b/biymKR1V8UooO3TzwxjZZBanO/M0WjBE="}},"c+Q0t7h5YbwNDTA/zo8fksfvVdqE72xoQ4LRKHD7GN4=":{"valueMac":{"type":"Buffer","data":"5HCuwXxXJe3drn4O5pFgkPEZdWi/Ffkz5n0oJ+nyKug="}},"dFdIO4YhXKd9uST3Y8WCgw64WpQWSpLCCOxakBz+/98=":{"valueMac":{"type":"Buffer","data":"0YrPfSSP6GNs2mo1dpunrAo8pD0v6g35WgPNa1+kCpE="}},"dKQ12wcJosZ4jJVoTfh9wfAvTsKE9oh8PS1QPMG7leE=":{"valueMac":{"type":"Buffer","data":"hpbUvOo4ZgS0tJEk6sN6FAA4XJmDiWubdMHpCNd1BEs="}},"dNxRGHwrNKXwrxd1x+rPPmtkcWT064A7J6BlCDG3xOo=":{"valueMac":{"type":"Buffer","data":"/2oDROsc2+2I4Blq3jZfjYGfG81y7fu3rHK5jrHEhFw="}},"dYXZZ0ZTYZNNxb8BkcGnT5b1rQftC5+s1Y+7T/lYzUQ=":{"valueMac":{"type":"Buffer","data":"MHUSeMnDebzmaTJWzvYgVVX7jnPch+1Saw1z9+lfZ78="}},"dZZvYqmAeKypgmlG1rpPrJXWz+sBq29KQ+qjX4e0080=":{"valueMac":{"type":"Buffer","data":"lwDY17VpNAm+p+si5vf6A2SmikxQ9MYhN6F8Cuea//M="}},"dzoX2CVJo3qvrvTg+z8tGg4eQGgVcoSoMTzk0T/tkjs=":{"valueMac":{"type":"Buffer","data":"wKg79+YwxriOLe5Rvmp2zLD/zeWvOT0QhUdMLMUUKtA="}},"d5a0zT8BvaNPKxEvGHLMj8OOT/xYWl6qrdfxsByXc/s=":{"valueMac":{"type":"Buffer","data":"wTKGdGsYp8rYHiE7zDeKbNSULqjpMaPMR70MgVinrGM="}},"d/RleceHFGGE5qs5oE1igz+YaC8xYZx82NSlSuoP9RI=":{"valueMac":{"type":"Buffer","data":"WRzF6j/Fe+21PgYkOlX/Xw9Oy9pgvQfv1doryN2vU/s="}},"ec+t9QOaqnD9mzt0X+h05RDa/O0LvMIgN5+Rf10sSak=":{"valueMac":{"type":"Buffer","data":"Yfm6s8URqZ/sWdz7ZIIbI7+3yuswgAW4D3d0h1owxfI="}},"etPp+C2LzzzXPcocvUt30Yx+MgjPZj7SiM1VoqkfMc4=":{"valueMac":{"type":"Buffer","data":"Y1mbNWXynK8h6uJ9TOZRHiidu5HSSEGqyVlm+aXVygY="}},"fPP0S628gO0uGC5msV+0zxdnhSxWOEhOE8RwuVS3Gb4=":{"valueMac":{"type":"Buffer","data":"413H50QTO3tq3/QnIka5Yzijx2ARI28P+MjNvB9kEWI="}},"fyCHMJ7RusK1w5HCxDf1sKMt24AWVMlMKm76p+UGbc0=":{"valueMac":{"type":"Buffer","data":"5k8jUmFZm6VzVr1eqozK89K98qDcAeEc3DUQvcNSPZQ="}},"f1V6mHUkH7hZxyPyGH5Of36jHkgmXz2gIG8bzF1ue1o=":{"valueMac":{"type":"Buffer","data":"4rTJagtDoIrXQBtO+5cUPb0bGzwTwjZRpw4E29NoMq4="}},"f9wm5O9NCVzPbhmJVegiwR2bsBn2ZHWn2mKq/A8Vn0E=":{"valueMac":{"type":"Buffer","data":"IrcelspBuh6xwylZB6/7WQLHxiMFJe5AeCh+UN6XK90="}},"gHt5TBsL3OZ2E7+4dwzj4TlNy+ZhP9eTElf6mRbAwDU=":{"valueMac":{"type":"Buffer","data":"X1cQruCcquMnXixXGDSxvG/4ycH7D01L/sOtGXe490U="}},"gKA9etchFKE0nffXXmFzKrsN7AT/671ddjSgGSSLidk=":{"valueMac":{"type":"Buffer","data":"MF+727erIfqUAkUITiFlqc7x+n1N9pw0ypQVPMTDXZo="}},"gLpf0MbH/9D72JIoUeakKqWWDNRwwdS7gwgLQpypHlk=":{"valueMac":{"type":"Buffer","data":"pakehprxsvmIlnbeHushhfJLY4U2a99e1OXNvty8IY4="}},"gSI7QNnvailEqxl7OEgOFXsw9M3/03k43XsVAZf3KNg=":{"valueMac":{"type":"Buffer","data":"8UZ8wwwpd9tL+I5cBlvcOQ0UcxbIlO67dqys8w327zc="}},"gpARzQcFl/t7UX2/DQiQjpby4vixniD64QUbByoNbqg=":{"valueMac":{"type":"Buffer","data":"xkhL7iQdfcDeufKAFw9CjpFueLQBeOJnN+fPIRn+CWA="}},"g9X1WVoYmafY25GcwjyN7J7r6j9wy0Jcm3tUMimsn4E=":{"valueMac":{"type":"Buffer","data":"q3RIFK1WhCrdY6Atf4pLcNq7Cqgo5goRDUfpUceQLqk="}},"hSlPmPCw0eyBUzx8ydfn+YZoSXzei6NH/HzSKDQbcjE=":{"valueMac":{"type":"Buffer","data":"68bzBmk/C+3ltlf7YHg0CBSQUXARdCSr1Pbl44NMotw="}},"hZFBhQGcOLwkC/4pjqChn0HjYBV0vTPwIpzrv/Wbsns=":{"valueMac":{"type":"Buffer","data":"GKUMnW+F3dZ6awxBJEZKS02R5XfOZnqt36TIswhYFSw="}},"hdpL0Eb31hJ3WlFxFVPxRrvsCgr25Bi2iylQSC0xHaM=":{"valueMac":{"type":"Buffer","data":"z4qhFUep3/7Hw1rdkMZ0ZR0eFkeP50tGxQJXTzyvrMA="}},"hgjnxgXvVBY5j1LR2PmVmypl/S/CX0gRWAhjG52hAa0=":{"valueMac":{"type":"Buffer","data":"2E9fyN5xyAGbiy++QhBikDSmLlQlo53r3q7MyB/sBLo="}},"hrYFD25I3QAi+8e6uUwEOEGmNxAcU3NF55rzn7Wu6wo=":{"valueMac":{"type":"Buffer","data":"8gZqohL9W+eCRqCuRAG8MVuM1CLhPqRQtTT2A+MLQaQ="}},"iNAG708aI9x9m9jZlSvz1lbk7vpHzTH/U/xXMf+JByw=":{"valueMac":{"type":"Buffer","data":"Z+iboqgFWFJDFKQGdmrFXrha29hROQp0LC1uyxU0yL4="}},"iZvltBoffD8dUo7iggoNMIrWLF5e+BYlcmppRqTKJ8c=":{"valueMac":{"type":"Buffer","data":"hdTWXpQ+dgEuVlsCmxMPKnhtJhIp4g355E6FwkvhWfQ="}},"iab56wwtPS6idhl7xh+coJUCTy2hnQ70x2yP2KZlH5c=":{"valueMac":{"type":"Buffer","data":"hEL3cKC3h68FQq+rAXanKYsfsxNOovik/ezykgWH1Y8="}},"isAHXWJLRtMtlz1m751VIlI6+eF6KOgmYzcI/Cfr5Aw=":{"valueMac":{"type":"Buffer","data":"RksoNxEBnW9dMTdtVm36zizDCffQ1oGrHubbh9EgYQg="}},"jT83nFeCoGY0PfFwuEGJqAOwhJKnv6xw2fW+xK+IMYI=":{"valueMac":{"type":"Buffer","data":"Mf4NRNTt6QoDID4nfDr7ukmZcmq+c++k+AekXIsRSoA="}},"jqnWseGpRsPv3Kwy3gM9Bu/T8G+bRlLuyEuc8HneGl8=":{"valueMac":{"type":"Buffer","data":"jo4IQr7KNZetTaGwXLVgK2hF7Pm8OQcv/Qq8cXpVow4="}},"jvDA9ncl6szTIA+9nlGHg99/S/P9hVL7KK2uZWag4Tc=":{"valueMac":{"type":"Buffer","data":"gXmh928r+r0vwYZeQHZl8JggsquLmlHJDGsaqISx+WQ="}},"kDjYI1H5P9swoFdaRrVLdpr/BfM/A4ujzC9Alq3SeUI=":{"valueMac":{"type":"Buffer","data":"BRrRL5xDELYtqPzbgfDjOcSg6BmfqjN2u/LQdotljeY="}},"lNAe56FqF8nIURzJ5bPycrzrT40h0+/8nx8Y/VAJfOQ=":{"valueMac":{"type":"Buffer","data":"zLSTMXhhJYYucDQ/5uGUFU1PW7P+om78LoEVvQ0xJ28="}},"lNjI1C3eSzboWU6trRrd17Vy7NmseufUWrW/75Y93es=":{"valueMac":{"type":"Buffer","data":"8mu8JHMVwHPwH/tt7M9m1Mgq92J4/SrsGS4FxYQ+2hM="}},"lPX6imEJ7Tper8vViB80dRwDrLVTmcbgd9ojVESuZjQ=":{"valueMac":{"type":"Buffer","data":"XHEhtnyJu0590CmNhX877e5Gj/TB8p19JrWensbVQo4="}},"lQoBG48AMNtUV2bbeLM6MrjahaeiLKVseaDTUdUYL3s=":{"valueMac":{"type":"Buffer","data":"MUe2Cu0q+rwICNFrJepD56osn5I2L0k9c37weVvyaGM="}},"ljIHWK8/vuWfohmC/EmDS4DHVXAX5bon8z2shNmSfJ8=":{"valueMac":{"type":"Buffer","data":"KTPAbpi5sMkYbTlnZzcZ812kH9fbd0RNQx5sUp7auCY="}},"lr7YBzqNEYb4IEWhQ6anRoNg/NRTATj2d0VZVLBKPwE=":{"valueMac":{"type":"Buffer","data":"ReUoOrKnQ0Ic9FZcsCJ/xVL9PAhL2YBPp57cQA5v2H4="}},"lv4isGory+tUmVqAvpNdUmPtalcXsBdNdPqGKYxcAyk=":{"valueMac":{"type":"Buffer","data":"xJEqymH4Pjv50g7AUdULvYn0ZDsf2v20tirI5rx1Hu8="}},"mS+WAyGFCCjGzz1B5AfxUzSUijsemQ8/WLBcFOGF8do=":{"valueMac":{"type":"Buffer","data":"oPNLJXAa6ItpYoyTRLysWG/ryAY2Fx4MBYF2/A0rUlI="}},"mw6epyFaS8ptYLgODHtGuB7+MFhgE9cQ9eUdfr7MUzY=":{"valueMac":{"type":"Buffer","data":"9lElr1TMq7y+OOTSzcDSG408pPhUjosi+89iLNd3eog="}},"nTBa9ZDf6CvB141JUgsQTh/JqDFAcwfSgL/TqB2OAVs=":{"valueMac":{"type":"Buffer","data":"U9+gbUNMK8eGph09nY6TvQcD49MVQou6PhlqRlHcJsU="}},"nXvVitQdba0O/thYbj45NecN90Hm0/DWKARZEvcqJ2k=":{"valueMac":{"type":"Buffer","data":"PDIISuekdonCMvsWMkS5zBylqtUs3MopCIpBNa5FJdE="}},"nddFAQ0Ke2xQyVXAG87FY6zacNxEx+91YZ1c3APVl/o=":{"valueMac":{"type":"Buffer","data":"pWs7+ErNd+9KMRXVNjA8zo4l07z1FylRkiydQCsN6xM="}},"n2/8MwpVZWZ5Ab6u103ZV4ckEQ6AAADOdD1hRSmZ+jE=":{"valueMac":{"type":"Buffer","data":"kXJeDQqp31s39APekjxres2wXZtlzCzFTGDoSft8fA4="}},"ouBiVLxzN8X9CvN5hNKKrqubAf0szP1wN3ptHgUqTqo=":{"valueMac":{"type":"Buffer","data":"X5bydVSn2cf01udoiz0ty7kUDd+FBswYD8dz2g33Y8Y="}},"o8f3xiXTNxZWVRLxPSrPiBYKVY3CAuTCOvTdQGpdBFE=":{"valueMac":{"type":"Buffer","data":"bpC//Yam4o0fLuwYkkr7I28QkpTwaHkq4eKPdh5psKc="}},"pBn0d9f5Ocputj5Y5cmjEHw/V/capArNj17z5Ut5YCU=":{"valueMac":{"type":"Buffer","data":"mSnIM64ys4Fex5uodOVGDg/wcPftEgbY/paCo93pocQ="}},"pHLVzF4CANmUuw59NccM1lQQB9y1v8gxqxDqNeJYRbM=":{"valueMac":{"type":"Buffer","data":"iyu1yxyopJjwbdZm06L/w/gvCbOlLIsx9rBRe6BC4aU="}},"pKWmVozYKo6kK9cak18tv/tsMR4L20zn5eDr088UHZM=":{"valueMac":{"type":"Buffer","data":"p18L965tSIdaES6n2LPsrsyws9VlMvwojiFZjY1ggmQ="}},"p7gHwZtjuBBQWyh+B0M6K6cGpG+EMBvRMe4yn7XOa4I=":{"valueMac":{"type":"Buffer","data":"oTrD/6v+p1ei8QVHpYY9DmLwvHiBjVr46FwgX0+JDMU="}},"qjgcFYQX6NpzLQxakEA6GWh7IheTEEUVJO4LbR964gU=":{"valueMac":{"type":"Buffer","data":"QpZiSkFoIUS+IODh15SI+VJmJSaGGnTghPUMmF0F6yM="}},"qv1mbY5EwopZv4i1dysAizcdWx0sPFu+mStoGb73STQ=":{"valueMac":{"type":"Buffer","data":"VjRqgQlRBvv+P6H+mQMeFDyHKr/gnFTmiqc6PdnCCpI="}},"qypAST1VXKiN0JutGgO7Eb50GPFmZIWIfnexFJzPFJ0=":{"valueMac":{"type":"Buffer","data":"Y06/FbUD/bYB5GpLvzNBapdBwemonzHbXC8z49oLek4="}},"rG4zfItezTP9sBbAvDOZGnApwOe0ImzamdcKQD0PVmc=":{"valueMac":{"type":"Buffer","data":"ZXoTwW5hxTnA5Syr/KlZ/tUEVRN4AD3PWdh5/f/M/TM="}},"rg8RUqyVYiccPMe7w98h1cZHMvNDibUG/gcHApa+Dic=":{"valueMac":{"type":"Buffer","data":"6hn16jwSiYzU8D6do92dHCZfnbryrgCz2GQ66Ed1gok="}},"rg872pROwagQJt4T4sp1ECkYg5LxPlxF9YmKGwmDaMs=":{"valueMac":{"type":"Buffer","data":"5bycbfpEV6NxRKNxOGlofeF+B72gXog9URryR4PEzdY="}},"r568LpGIPQeSMMaqRGlvOKlAbu2FU/Dy/Mlm8Tl9dBM=":{"valueMac":{"type":"Buffer","data":"10RK6Ir5ucKYa2MUQagJvpAXnQzdSZkaBbFbbIRkuaM="}},"s+t0Ice39pO5unwfkjJ0RonXRlxOylOjYm33jDjCA8A=":{"valueMac":{"type":"Buffer","data":"DOhC2I5KjemDGg0gwL350bNVMLT1xU1tr8s1fWg2iwM="}},"tNP0tKOWH4ngwiOEnYAYFMXZJoIAZFGqZ31cAOx5GuI=":{"valueMac":{"type":"Buffer","data":"aRu6NI2c3s0dYuVqzR24/icxYO9ShxU1NiJFvi5l2mw="}},"ta6Wl8BRh7Mu5xGUfyzyFZ3LleSMLFWnT4VyikKOsgo=":{"valueMac":{"type":"Buffer","data":"GGTj4hNJZCS9yLAwm8TEhG/x9xSIVfZaC0sXPNEDdAw="}},"tt9gSr8+xl3332TqHKUWOtplrZ9TcbWV/j37jmrBpxQ=":{"valueMac":{"type":"Buffer","data":"CW3nEQ08R+ACqQjmnRt2JfQOpl97T/wdGAW/Lnkr68c="}},"uAvVVPWZ5SXOl1weGDyIJjUAtm/U78gjQj66nzAFWM4=":{"valueMac":{"type":"Buffer","data":"nvAeGcRGtz+BgUqGgMUTM4ZwLUY6MpLoqiARYnLR9qE="}},"uMmIgC3pySHQ3svpCnNUnWTnMupf2FD9/RTp+qD5lXo=":{"valueMac":{"type":"Buffer","data":"QoapB9EMGHgiPSttXoAreb9y14WBu3JzsZ8RXrG5dnw="}},"uNsqGdG8SInTpDAhxUDD1A1ysaT5JcEzLKojeO90164=":{"valueMac":{"type":"Buffer","data":"r3pZZnMEGAnDjOKdY3PD4S9QSCQwLDvvxK+iTkuDNCc="}},"uT415b3AdXKXBPHMZ/87ZmrsQFjGSFNzv3RRssoFXgs=":{"valueMac":{"type":"Buffer","data":"euvpBVvGxKnsV6ZbTWP/5CpmKj9ONuWDP+bf7+ZiM2s="}},"u4wi8s3dWQUAe8zJI03P6mtlRalRfV/EdXKS8D6CWvw=":{"valueMac":{"type":"Buffer","data":"MY4BhNZSuLHSH/oyZzW3W+tfAVf+JpFUHxtj7NtciFs="}},"u5J6d6GjLfeZuF0RLSJY8FBQ17duPISaTrLN7A+SdgA=":{"valueMac":{"type":"Buffer","data":"V+dTWxq8VOPqvP8qS6qwt46E1ROYpXINRKAwrLxwZ78="}},"u6WTt5/SMpuEhPl/ANqJbaW6FDUHs5/G5h0kZPJn1gM=":{"valueMac":{"type":"Buffer","data":"v6MkbljzB7KZxqC+HJUi8pxVYrFpWPMX2H9RdzwiJ8E="}},"wBnM2q9jUjQG8xvEzBpBkqPQCHy+3nnSTzN8CZmpuyo=":{"valueMac":{"type":"Buffer","data":"exBSmqFKj5kQJRiSb++632XBNlsP0NK71ub66WGDZ0M="}},"wGQyH3Cv+6TOsxhY+sGM0Ceo3AePiheYt6yQ5CeyF2c=":{"valueMac":{"type":"Buffer","data":"4QPjwKuvll4Te5UHMPUhMPNJGyY6CWB8b4yx3izgF2E="}},"wKsCj46mboxYB4P5FPp3Bte1m4GcIWbnHKBWgSnpA0A=":{"valueMac":{"type":"Buffer","data":"rccMXW70MgTEUqHpuHKM45GYDFZ7VvuJiVN3qop92ak="}},"wNxutDMyNs4DvSuS+6GE55lYO1AEo7DcnzahZpAhunY=":{"valueMac":{"type":"Buffer","data":"3c/PLiwbyb3Zy46w5Uij9lyhKhUpvX8O8S1/5objxw4="}},"wZ6OPjpl8Q9aiVljr4pAkxcpdEbe0q2K9+iKYPUUhTg=":{"valueMac":{"type":"Buffer","data":"QHk1eCveOt/NDTP7Ml1TmUsAy3lLgLWZmRxmlmNPPSY="}},"ws+Zmj01BKQRhPsK/pJWVNPzsKeWH20JUA94XDxgtfI=":{"valueMac":{"type":"Buffer","data":"GrbUyhs0MMZfsXrx6JTEZ9/v3U1bRbVwPQhb78niiK0="}},"wyOdKAPWm+FvQgfg4rxZN4gdO4T67C0AZ1LMO+NxXrU=":{"valueMac":{"type":"Buffer","data":"HNG7g18lVE6qqBrYBen67n+pB8xErZyMevGrU5lRb98="}},"wy4Wud8Yke+bbXl9qG1HzPktrEaxHxPk0ejnOeYzp/8=":{"valueMac":{"type":"Buffer","data":"VvAA6BYGewWqVPIibEko0HuGAJNK+WAtBJw3Pb5IfiE="}},"xGsEzS+g8v0ad5dtr9O6wbaTy1SLrjaGpra+9dz3nCI=":{"valueMac":{"type":"Buffer","data":"XGNKzsRiZvvnrDMKkzYLv1LZDI1zmMRDC31l72zXrek="}},"xUa/J/oynJO+H+m7sbed4lCTtyXWKNQULmdv6hYDeSk=":{"valueMac":{"type":"Buffer","data":"WAfBQz0aRqydEhk4Iilw17It0vdYNL+xGGpbVJJRlf8="}},"xuwc2K6VHe01yEHb6ZeRT4avgnlEyg2uVtYAbhLmoo8=":{"valueMac":{"type":"Buffer","data":"AsIrLQI1jTrdZQ9JNpl/JzvlWRXKYaqTML8h9noqAjc="}},"yBtU5XNTIE80K+giKN3l6t8sS5v8+BO4NL/n2rFoszA=":{"valueMac":{"type":"Buffer","data":"nJCS1ItSFOs3YzoGnNOth73wCBkFrcwxk+64a5sw+vM="}},"yONDo5dcoAN29DC2gUWdPtZGKCFO3/ABlSpCgJVSg3Q=":{"valueMac":{"type":"Buffer","data":"BXJ8So+rcmeSI+V+a/o3aIm7Sg1T9EViGZvSy9F6+e8="}},"yT0hbEW78NgXuDb2MdlbPTpS3Ck2H+ADsdkMxaJdDLQ=":{"valueMac":{"type":"Buffer","data":"j9nhJRYEhtge9IAYE3q2aeUhs2yeUC/l0LLBIUfywjw="}},"ybj1BHl/OiNGuvp9ldxXUnK01XNqHD37SYzIow2ik5E=":{"valueMac":{"type":"Buffer","data":"TP8qlh4zjyKPsz/Vqar/yrKNMmYuiFfZUSM4QOk3+MM="}},"yzwkUNcCW+wzWSMRxCX2XpJu5rpf2K2RX5VcfOZ6QEY=":{"valueMac":{"type":"Buffer","data":"VV2/Yld+ioqMywDeCT3Pp6sDiZD9b//+Y/sspcHy9c4="}},"zDe4a7/AB5ENSvKcvve/4bwTiDFsvl5M1efcRVPd/E8=":{"valueMac":{"type":"Buffer","data":"cTOQQ3795WHr0ukuVtH5QUSC1szdFWtbT9E/8wTQUlA="}},"zJWYJmHDAedWBZA2RzRMxGODYoSu236Fd2wuo8U3W/g=":{"valueMac":{"type":"Buffer","data":"Ub9nvVM4+1G+FFpkXKGU+t1wsSbQNAjOKfBuojSk7hY="}},"zYAgey9NnQZQvp8nLQX710WeEwj4qSGQTlBf0l7nnRc=":{"valueMac":{"type":"Buffer","data":"YIOkk6NfgNyCVHTNTrSSEJnFBhwDKMHB6nDc663ewaE="}},"zcuWRpTJZezALrsHkiv1eovT9mDhlbg2qY/EdB0tDMk=":{"valueMac":{"type":"Buffer","data":"q2tNtN9HiNPNFm73RqpsIwEu26i0YGGXldecHP6aZsw="}},"zqKn9VzPmGh+o0ia0zYSoo6QB7B427P6N/uJB3zxGlM=":{"valueMac":{"type":"Buffer","data":"OeaTqYJ4NDBp9LyBkKzpSsUgkZz23FDFVavbv5q9bM4="}},"zyBbE5fnZYsDQ7E7E9n9NQe4qh89D98yOKrcq/zIkFU=":{"valueMac":{"type":"Buffer","data":"kaqKSgjmEG66YLWQjd5kuEAwWfS4QyJP4y7jyX9tdRY="}},"zy7+o3r323z8IC/quS14bNn2G2RK0SdLNTMgqv0fDkE=":{"valueMac":{"type":"Buffer","data":"O5f1Puegbz4vkJ538aYuapExrpZ6LpM5JmSiS74QJW4="}},"z8OvTyJzUVmUN9VsZMhSEru2NSZPRanhtrUa/tm2xAk=":{"valueMac":{"type":"Buffer","data":"peWGXFfjSNxTRf0NQdiHa8r10lsuM32JMqB62ETHtW0="}},"0aHM5qtHkLGWyziHE0z8tPXWa4vzh9e3g2SxmGZstuc=":{"valueMac":{"type":"Buffer","data":"NG8cjUpOB3RqXWZ27H6HOJVwtXs+LlHVLWTMl3Iy9CU="}},"0f6neXiSgENtrYCo901yybMgzNmeMHVc2lhV32Zcj90=":{"valueMac":{"type":"Buffer","data":"3iojVbePP51qk5aOtVsnwiSbeSDlVjlxKxINIvu6Ovw="}},"0y1cj5BTophktS9nJhLaI8saweWUCXqZtXfd9V5WKXI=":{"valueMac":{"type":"Buffer","data":"0+5LKb23uNdgOyTEdnW1jGJRlfJ/ME9P0nluEIz04DQ="}},"06m3lKi2I9xv1KNaml7zg515M2bH1QRFY03TNyamhp8=":{"valueMac":{"type":"Buffer","data":"nctqoR/JKDzG3AsJuTZ4E35BhpTngk2YaBNmph2RJnU="}},"1HU0+B9mWf6aPr87xoUcfH1bHpTdwWcV3E8Pj5mvtfw=":{"valueMac":{"type":"Buffer","data":"VT9HXBKaGFyOWkGdYmsFmHN2wodEczxrpOcZpVNgQxk="}},"1PZSLkocpHNV16sqqq8WvQSDac2meB3JbgqhCJQ6Vfo=":{"valueMac":{"type":"Buffer","data":"FUkVpS0y1w+bgRjb0b7FtLwmfPqbdcfHBqpPmjEop0c="}},"1bGLwv60hAmg3RT/CiRJ1hDWilp9+aMFnZiqG+/Q+Qs=":{"valueMac":{"type":"Buffer","data":"k/VOWHA9Y+4sHRMCVq3yVy2b/6tvKd42eVPbve9Gvs4="}},"1+Y7atTDYQ3j3FeLi7T26DcIhVo1nqWs5xDVWsFeapM=":{"valueMac":{"type":"Buffer","data":"so0L7VbcoG4/BuDHo8GNj8J1qAMyvRKaLDRJ5VRumFQ="}},"2MJqMuJbvzNJQuTibTWUIUcM9L8JDSQHhWywcddmSZg=":{"valueMac":{"type":"Buffer","data":"DzFEkgqwQ8qRWx/62yqVnn1SJ/JpZEsSm6nA6YSOCeY="}},"2RO2nfIvHEpyp03uHpqmz6hCVO0Ewl96w+vCH1NM2KU=":{"valueMac":{"type":"Buffer","data":"G12BVR8megBXgsXwICMstI1e0fnzQzp/4GBOu1XbRrk="}},"3ruyM21GRIMhJxcxTb2tQpP2nb7jEcELgOvIlBY7dKk=":{"valueMac":{"type":"Buffer","data":"meRZHOTcb5H6MTkD8QjIKBJZ7i+2/YBmsndnnB2fDB0="}},"34jt2zxbg3SJaXtYvU9gmWsStdRNP1Ht4lTroEkc5LM=":{"valueMac":{"type":"Buffer","data":"j2bw9dXzQN8PyCEALPqmz+NhHQF1eX1bAeQeEpT0UrM="}},"4LqzP1KVL+gxfkHqrxcjBhg2y/kBZO3CvVPWMvnzGmk=":{"valueMac":{"type":"Buffer","data":"NdT30YlSr1qj2i2S44mwr0MuR4CQsdWRPo3lRhGUp5E="}},"4Unw+tkQ88bI8vzz2aoKwSihVBPiwEcMxYEXdP7gnHU=":{"valueMac":{"type":"Buffer","data":"BPaoqIMh20fUR5kpk9QeIyeTikpV3Cu0Iy4znRt2eW8="}},"4kXNMi3dOUdTeyQRRXKZ98DKGAepAQlpgEkfuj/JLXM=":{"valueMac":{"type":"Buffer","data":"JsL287RkTCw4qQk8WbmQ027+/nSbajbbufVnzU1TrRw="}},"4yy6wfgiPWmRWlLdQkVmKOqNzLCkEWQVCbRCW8UXt9Q=":{"valueMac":{"type":"Buffer","data":"0eyRMByyeM9WkvoML6oMZ6BhHWJAaQoCxBT2PmogJfE="}},"4+xgMSqssRglt1WC2tDk3D0ut6d5Mq4hOhuztxiwR44=":{"valueMac":{"type":"Buffer","data":"aIM81Kf8q9jdFgOzC37q3zkGeG8Zl/lEFs7xiYA5GWM="}},"5CMAJ0zlb/GLCiZ85em9wlvtpoqeGYnR3LGme4gqLrg=":{"valueMac":{"type":"Buffer","data":"QKqoLoMCe4Omu9G6iRWxqfFuakkcmzDweo1Lu+/5rig="}},"5CMtxkhzdg/IfcB3ta+zYhif8jbVx1vHm1LNR+ULrVI=":{"valueMac":{"type":"Buffer","data":"pb6eXxiKsLQfCA9i7v/diQXY9iSP0saOlXtnx0lf898="}},"5YrbL+WRXCuUGX6utFU2X5C0xoTA5Km9RlY7V9Xe2LM=":{"valueMac":{"type":"Buffer","data":"MRp+nFB87d+HaQJs184XCQECKiyH1YeNaztmY1v3opQ="}},"5vq53Q6H9JiBUwaYNvy8gTNFqgKeiXsn+GQTZcnpoKE=":{"valueMac":{"type":"Buffer","data":"fwicPEBWl51YYFPZfEnDol2l/klAqx3QXgfZ8hesqvw="}},"51+oUSDTuwOwVjqoaKojdIv5JeXfUzTdmgtxkPF1P3c=":{"valueMac":{"type":"Buffer","data":"sLCapLjQyb6pW1l0KnCyzKPZd7W+lJklMmmpqnbS2tw="}},"5+Plme7reVj5XGwCxjvXFGAmJZKvbjwnmOgFr/mr92I=":{"valueMac":{"type":"Buffer","data":"2TB5LZiMlSbdEMvwbm0cwBsSCnCGtBi7kHCuiW7MH4E="}},"6FfF1MJhJrhuoIDymwXPQLyKCxaXUXIntekde8E8xqs=":{"valueMac":{"type":"Buffer","data":"J3x3GZdKeZ+fbT1aBI/MTTxhaO0Vlll9+M6CUJSv6S8="}},"6eowUgoXzfv2d9buzSEm7qQI4roYAxYO6XdagfTDsCw=":{"valueMac":{"type":"Buffer","data":"iONNlsNij64IRAbe5BLIvTLr3/ZZisShOQxQyyVataI="}},"6nzPYEWGIIXSjQQql+oHxIL5BbRwds45QlyebW9S1VU=":{"valueMac":{"type":"Buffer","data":"6vC1seKHH4q4eLvRzPfOKnlo3cEVBT7wtpzmb4XHK2o="}},"6qvjCULtvUcM7i1PXBEecCRznerxsdXj19Ojerz6NPg=":{"valueMac":{"type":"Buffer","data":"EV5eB6lvRgcE7cPadkBgHH6C8pHtF1kwEXLeGNEp3Zo="}},"6w5qrLPcIu97b3FUgXLPRX7gN49FpGqpzg/bMB0aVKs=":{"valueMac":{"type":"Buffer","data":"3yfpIqHzkBmuhSa0bcxncAEDqZtGp6g6QdTKt40/uDA="}},"64ofnQS0dXzUifu7Ns4hSCwk1xnCFJD09lRIfbV1icw=":{"valueMac":{"type":"Buffer","data":"gioBQtWr+t/tPFqGld3PsM6OWhsQsJQkhiXJnEf6VJs="}},"67zxCaIWFdWbBkL5mvkk1bdIOHD/fVhF/KEPWTiWB0Q=":{"valueMac":{"type":"Buffer","data":"juHBy9y3YPRFpPh4X9bdss/Kjk0ErdWEgiSnDYS3cvY="}},"7IA2GiwFxJaMnx58vLFfvrl5CD1OYyfC13+OwbYpkMY=":{"valueMac":{"type":"Buffer","data":"qpgrJqRB3ePUS+tVswdS11BhFE5Sl83waxJBvT6A1b8="}},"7MauRlCkl7jp+cpwUf+TPHToFi0MaAvl2crWu9j7sxM=":{"valueMac":{"type":"Buffer","data":"gIoUaT6bTCtU0t90MhfKWqHZsVvIYJmsaz7+gFfMgVU="}},"7iiFXCZhKqUl4hJSw/VRaOwCqUgc8QvEv+OWLFPkg98=":{"valueMac":{"type":"Buffer","data":"Tvz3a+ctQWLiiJ5heyVzSYuGZsWXRAZO5UmReXjnfuA="}},"7kw1pAkLbDDQgEz9MhpuF45M1KELr2rSBzMcDjy+By4=":{"valueMac":{"type":"Buffer","data":"a/G0AzBd3CC4lh38SyTf0VVPc1+KeYraoVEHeektB9I="}},"7rgRhkCptN1pfHd5KKbd76FKxDBoNVcOMEqxkz+3uRQ=":{"valueMac":{"type":"Buffer","data":"M+vxHskHsy3GLNj6bTk1+k9ZGV7OrYXXj0R0GvmGTt4="}},"722nQg8dqtCpRwzNpvM1ZwdIjs/jS2aT+t3Vbk2Qb20=":{"valueMac":{"type":"Buffer","data":"OeoK3Y1OgFHZnn+TX6+wkMsw19cfSd+gAngc++9AhRg="}},"73bonitIf8N/12a8FHBg12QJKQ0ywrOybzYGCBEKPz0=":{"valueMac":{"type":"Buffer","data":"SfngkgxBhS9q57snTNTMl/ontugsKkHNLiSK0dh9QQo="}},"8PvaM5xvWJ5kH+l7OwhiSQjOTNwmIitw+rGgwa/A4Xg=":{"valueMac":{"type":"Buffer","data":"sL5EUdKQ0u6JXu+Yui6+XAv3R882Kn+lpNCbMhLOMV8="}},"8r7fRx+Si2+Zp+xBy/2F3lQqmbKvckIfLfzIHAcBoCQ=":{"valueMac":{"type":"Buffer","data":"+MhVpErZhBqyKd4hUbxPXIH+DYNzJQB84vh0ZiZlCe8="}},"8vu7Q8rfBrbBHqadOyZcH+9l8WNU0SRiAjSIhvC3TJw=":{"valueMac":{"type":"Buffer","data":"Rr7H0yDrh7KqO1OC+Gsgak5A5CY2H3CtUFAkbCNUBKE="}},"88chNHLJ0AgO7ucNxoGV8O0zcnFn58Xdp4OIeD5IJqs=":{"valueMac":{"type":"Buffer","data":"LXOZ3xux0IunBw4oqBBvbus04KzDM2ru+ekWmXEviKQ="}},"8/LteswyiyniLHBuHhCYyNSiQY9tDfhno6rqbrfcIl0=":{"valueMac":{"type":"Buffer","data":"g04duKCB1TyIPvR820qUcLpU6ZtpS65u/l4lnl0oZTc="}},"9IPzDqjb8R2mFn1z9YUFTCaHMFZBCcCOcdDsCpjsvac=":{"valueMac":{"type":"Buffer","data":"KJ7aE4rblSSGeis6DAYOGSXgxLQjtmGO7W5aOwRD3gk="}},"9getBPqAl1GYLJ5AGcVf8Zsq7/SfdX+HVmL/szXZC0M=":{"valueMac":{"type":"Buffer","data":"pY4VfyNzvGHESIKJdVWKAvRwk8YcDAojzpGCup8AdQE="}},"9hnXU3nIxKIM0weBpA8l/jp7X2Rqnzz3zZVvcwui4nE=":{"valueMac":{"type":"Buffer","data":"cCKluT12fS24/29idRcHtJq+sqeob0PlGUIykdPxvvg="}},"9kS+oCuNNE/KQZ81QipPpppQHD+SI87SEc1j7Y93YiU=":{"valueMac":{"type":"Buffer","data":"1X1w+s0WLXIXN5x+FP6VmwHLkS0Xsv2BkitEZIqNb9U="}},"9+roGFC+DRAtiXEtND2edgsCyupUXVOz0hcecav6Vm8=":{"valueMac":{"type":"Buffer","data":"jFiNHFmCQojY34Esldgmoh2sJNZAdhmKZjiUNzYqz0o="}},"+D+sUbrlV18rFfcdYLPUz1JOypt3jTBw9jzOYxnZC8k=":{"valueMac":{"type":"Buffer","data":"40F05PuiDiUBUpsoak2LkvTjJzWeeJjHKyOiNWroNWk="}},"+Ryp15J1shRpSuG6K3/lGm80ggGHtBxZWNaF4n274w4=":{"valueMac":{"type":"Buffer","data":"SAD31ERTQnOhA7HmJUO/CfuygLs4hr9QCxCAxrO9CY8="}},"+TiKbRYEdG+4C40P1jCEYJMNtFu3I18m2nJASTiutlU=":{"valueMac":{"type":"Buffer","data":"foiNFOGhoPxt2dsQVQXJ4JJQbiMD1QPKPyKTUc4bGvI="}},"+ldEbNB+ebzuj70Q8FPQfax/5Utctr/izKSsVdfMCxg=":{"valueMac":{"type":"Buffer","data":"mVHM7+J7Ls9uW19ympgku3b5nNygGblO2VONDo49pDE="}},"+xgiwc+EoL4f8zeWMvLeWxSB22nsf2GlvqcSd42BV4w=":{"valueMac":{"type":"Buffer","data":"FDXfa/sdDRGhGhuWoWFUKFcel7CnEDjLUYsadwgwooQ="}},"+4+byptgDHvtljtonhmtpTLqIQXSgm3nGwYIkn043ug=":{"valueMac":{"type":"Buffer","data":"P+82X8EbB7QKgHF9cGNW5Td0r0owrWw3M6r3v3Gq5bk="}},"/cLchHsaDz30c7r6I1x2kHcImMZA1uFRVm//Ti3f9G0=":{"valueMac":{"type":"Buffer","data":"9VD11J7GtwI8xIRIqwlXgC6vNfVtVLHGVMRPNxZ+4iY="}},"3XcbQrmlW551Qft4qB8RoPymgkZriHsaN3+wbQee35A=":{"valueMac":{"type":"Buffer","data":"nAPii080LBSy37tC+fqmc0zo+HgMgD30dvc0wSApe6k="}},"p4MQf8ILjur0wvcT5Kv+gRy4i2+9FHKIXFH57vFMdAc=":{"valueMac":{"type":"Buffer","data":"MJXvTJfU1tO4HiJoQx6JwUBiz3w58h7rRLW5FlcKyVU="}},"vrjpcSoKm0QOpk3c4RdMsZzI0Op9MzHYbdACsGQRtXc=":{"valueMac":{"type":"Buffer","data":"kKqHaWGwmeiIQ0FbE4jgiNUH036+HIEZc68xARV+QRs="}},"IwL/iboQRbn4q3xPagKPf7qBo/q5F4EMvsCuW+Oz070=":{"valueMac":{"type":"Buffer","data":"Kf16iatzhS8nV0FA2j5ECi0QFgl8vtb1IkH+2oMcN3A="}},"vL9mi8RXTOHxB/+fM9eobrK9w6e7DJiuF5mgF0WM0mM=":{"valueMac":{"type":"Buffer","data":"En7O+lpfYIL4k31MvbkB2AzdA5u4dBQP63xyOqsPuQI="}},"v3EdxiWrMTdsY31f+LXOYR6PRiBNTNJwsQ/7sK460LA=":{"valueMac":{"type":"Buffer","data":"Egv3m+XIuyDwOD3yBLCJ3Z5FuRX7Uc5eII4IS/pAhrE="}},"cWeIF32hXbfeWKZ174FcpTlJeVtlta4FahOeVcSI1mw=":{"valueMac":{"type":"Buffer","data":"bnTwAD5Th1OUCcBXyKlWNWa7XCa3UcUnnukla1GxuK0="}},"v1AHCJHX7WyDsjTpCIopRBY8fEL+iRygH1Lq/0iC5XA=":{"valueMac":{"type":"Buffer","data":"3BFzz7o4rHfribvwkURSjTbMTexHe1hjcdsyh4CsZe8="}},"IBpkLyQL7SiMqMSPlabBjUqnbxKNzuyWq8oSsLCYCTA=":{"valueMac":{"type":"Buffer","data":"/hoeIQjdOL3wR1SLX/JVpxpJXNdrQ40DuCwO6xAWkDE="}},"X/cqPZDIS5p4sbmCCdTDQemuYyWSxWM2HAs4LSob4Gs=":{"valueMac":{"type":"Buffer","data":"V35tN1MxnqdPl7LzODSlFLxykVOfK4MqNhLDaauC6xg="}},"DWeOvmjpWsO4QYs+G4mjkMW4gvFZBdUWgFVEHmkbKzE=":{"valueMac":{"type":"Buffer","data":"LP0989Vdh8q7mxWo74+zKZ0t+rEijqwmwDCxrg7k5rE="}},"YRrvz/VP99MGM2cFMmRe0dGS0ZNqnkUuS7m2o0arEK8=":{"valueMac":{"type":"Buffer","data":"Akjh5/9IeCYg9o7MRD9vAUjRraTcLY2hhPqP5RkFpOM="}},"JarvdLZ21HnDOONQ586NZmgqtM9V/Z0LE3sl9ubOvZs=":{"valueMac":{"type":"Buffer","data":"wZgBoK1e2Q2J0adiqBK8GxxA65Wct79n8NjlqLfp+uY="}},"6u21HjxUkmmdyQ/pImen7+/JBi5vNAIO2idZ/LokpTc=":{"valueMac":{"type":"Buffer","data":"UFm90bBUa45zMCXhY+5H4PlS5j7DTTbKJmyoVtxdrJ0="}},"KoSb82K7T5+wNi2umzMSmgCSqZ/FDRM5rJCWYFWXIA8=":{"valueMac":{"type":"Buffer","data":"iHOVUwExOLl03m6HCH/5JtwTul/Opp5H47A5Uo+H6Bg="}},"SpxSJih85EMuKhm2zyuoXUNMf+qyDtGy5jzDRX1FcDQ=":{"valueMac":{"type":"Buffer","data":"cQYUzxCPuuZzLtxsZSZb56AEvpkkCbRDjcF408CGuq8="}},"fuGLYkZXvTTOHHtfmaBNFxVrkECXM/3nfRxntRLiAT0=":{"valueMac":{"type":"Buffer","data":"LLo5QJVuKCBygyYkg02YFAiwaTVdCSB9d5cN9GmrtT0="}},"vQVkbUmbMB9p59VPLBTexHZE6elvLcAFC9nIxM+ThkY=":{"valueMac":{"type":"Buffer","data":"XltZz39hh8RkIdsZIjepHW70BOKbU+4M70QTg5kpfZM="}},"0nTdknfBgQDjLF1Ytw0UWT3n2BgfIDKrjgEWJZsbMn4=":{"valueMac":{"type":"Buffer","data":"7YQDeTlFlgfRVqAKo7E4OkbWiM3aWSyvFj1k7gfPSaM="}},"wsMVYWOC1MUHATqFPNV+G5UdiNx5WwRRyXq+nmBaWSE=":{"valueMac":{"type":"Buffer","data":"opMyR2bnZWPoIKLHJOgBkcU0pBq/O5rzwnP5MttiHqE="}},"gXSBA/m8xlZMaIpNnt1SsPy0vXebS45SJyh30HKal30=":{"valueMac":{"type":"Buffer","data":"2aY4UWEqsV7XHOI+xhkzqnU2eNSR2t88liywUv5v8Sg="}},"Cbk8p5WyqG4yf+2EODNP1AfAPYiH0ragbPqDsg67P/M=":{"valueMac":{"type":"Buffer","data":"S2UgNj/3bdAwC7PTwhBazhzT/ZAY5J+uOVFrCI+UBp4="}}}}