{"noiseKey":{"private":{"type":"Buffer","data":"qKshlRU917Ng3RzAdenswtFbDmwV2k10QS73W/Ib5V4="},"public":{"type":"Buffer","data":"0KbcpUOrF4pNTWzvjeH6K85AIgG0zvncszbl9NpsQjc="}},"signedIdentityKey":{"private":{"type":"Buffer","data":"yCp/qKO9HPrV+Q+1CHhh6Av4/tS7BK3Pl++Y39F2Yl0="},"public":{"type":"Buffer","data":"2Ndx3jpUu29pD6mXK186ZuUncyMxaEK7aPMWBNNCZzw="}},"signedPreKey":{"keyPair":{"private":{"type":"Buffer","data":"gPm5rirv1jKZBUrV21ue5mP2/ojZ20DCwXWY2WjZV3A="},"public":{"type":"Buffer","data":"UQfWs+N+tOj/+3JOZYCltzYTWMTcTPpvg+dwKV8+fmo="}},"signature":{"type":"Buffer","data":"aiiXsQar5r4wPJk26P4xxk30pRjQ7TlzMkiNRhqqYixcsw05bVI+7IQ3g4oaWZZ9uCTa10DTEHfwl+hP/ShLgA=="},"keyId":1},"registrationId":146,"advSecretKey":"F4Y0G5IxpNSs+adacaH5ofcQMs9eln+LIKj04VM0Aj4=","processedHistoryMessages":[{"key":{"remoteJid":"62838766060290@s.whatsapp.net","fromMe":true,"id":"465277282CFFEBE3DD7DE8A73DB45757"},"messageTimestamp":1682819755},{"key":{"remoteJid":"62838766060290@s.whatsapp.net","fromMe":true,"id":"9F2017D2845A54EC75334E86CBC6FC51"},"messageTimestamp":1682819755},{"key":{"remoteJid":"62838766060290@s.whatsapp.net","fromMe":true,"id":"BC1A96E4A8997359B7F4ACE00B977D93"},"messageTimestamp":1682819799},{"key":{"remoteJid":"62838766060290@s.whatsapp.net","fromMe":true,"id":"1EC32363E2BA40F2AD01FCAAD2FF99FE"},"messageTimestamp":1682819821},{"key":{"remoteJid":"62838766060290@s.whatsapp.net","fromMe":true,"id":"63BB911DBB1A0FE9F47757BC5744D23E"},"messageTimestamp":1682819824}],"nextPreKeyId":31,"firstUnuploadedPreKeyId":31,"accountSyncCounter":1,"accountSettings":{"unarchiveChats":false},"account":{"details":"CKKNiNcFEKSVt6IGGAI=","accountSignatureKey":"rB7KpWXvW7QU16A1TzA854/ksc5ILalBWUzhLQfKhwc=","accountSignature":"9Wt5YBbOAfUMUBHPsbtJeaLMhko68cXCVNPG1mDt8l2A3XrJwxOEI+kXBVQ1axddRfF0lz1x+2CX9oimkqsHBg==","deviceSignature":"5me+ajEtvRYcrfyVDN4knPEYof9zMw1dAOUWgd7JVP1WOpilwVlTYhNI9SAj9kwEFKlEAUV6IDgIZLuNUVMcgA=="},"me":{"id":"62838766060290:2@s.whatsapp.net","jid":"62838766060290@s.whatsapp.net","name":"Fall clone 0"},"signalIdentities":[{"identifier":{"name":"62838766060290:2@s.whatsapp.net","deviceId":0},"identifierKey":{"type":"Buffer","data":"BaweyqVl71u0FNegNU8wPOeP5LHOSC2pQVlM4S0HyocH"}}],"platform":"android","lastAccountSyncTimestamp":1682820429,"myAppStateKeyId":"AAAAAKVS"}