[{"senderKeyId":1428838499,"senderChainKey":{"iteration":34,"seed":"XMUJAo3tiVDpp+nJclDips2uGT76zdtpBNkYtggsVFo="},"senderSigningKey":{"public":"BRPBBSiQPPq7fU3f2E7ryioHgUHVLEKF0oZZYDR73BA7"},"senderMessageKeys":[]},{"senderKeyId":1868574460,"senderChainKey":{"iteration":12,"seed":"xo4XH9P7tQXkr+F2an/rsL1Gxsv+qvoNeUSJDeouMwM="},"senderSigningKey":{"public":"Bfqb8v2ivYMKm+oHXVW9xK+C6xqbuLCrELGVYUUIDesL"},"senderMessageKeys":[{},{}]},{"senderKeyId":1868574460,"senderChainKey":{"iteration":2,"seed":"Y3fCGVa+f+mh/fs3tpwVP999Ta92egUWpxxzfNllbhY="},"senderSigningKey":{"public":"Bfqb8v2ivYMKm+oHXVW9xK+C6xqbuLCrELGVYUUIDesL"},"senderMessageKeys":[]},{"senderKeyId":1868574460,"senderChainKey":{"iteration":3,"seed":"+3zyV9DLRwg0MAWB1SluLoDV170v31v5HRLMdCUQoAc="},"senderSigningKey":{"public":"Bfqb8v2ivYMKm+oHXVW9xK+C6xqbuLCrELGVYUUIDesL"},"senderMessageKeys":[]},{"senderKeyId":1868574460,"senderChainKey":{"iteration":4,"seed":"Ol7XkYUr9A8WgTH2Aix9ckXJMnZXWJo7pXc+QcM8L3Q="},"senderSigningKey":{"public":"Bfqb8v2ivYMKm+oHXVW9xK+C6xqbuLCrELGVYUUIDesL"},"senderMessageKeys":[]},{"senderKeyId":1868574460,"senderChainKey":{"iteration":5,"seed":"TcWElA2AfAO/Gd5lEKk/fFas0bjNdT60WABS2XlyeH0="},"senderSigningKey":{"public":"Bfqb8v2ivYMKm+oHXVW9xK+C6xqbuLCrELGVYUUIDesL"},"senderMessageKeys":[]},{"senderKeyId":1868574460,"senderChainKey":{"iteration":6,"seed":"EN9GwxpzmQT9ZynwjGpyPAQl3sa+6/nL8raODjQsouc="},"senderSigningKey":{"public":"Bfqb8v2ivYMKm+oHXVW9xK+C6xqbuLCrELGVYUUIDesL"},"senderMessageKeys":[]},{"senderKeyId":1868574460,"senderChainKey":{"iteration":7,"seed":"UdBEnr4Foaw+7LcIgyCtjicqg577oF2+ydVb636gIlY="},"senderSigningKey":{"public":"Bfqb8v2ivYMKm+oHXVW9xK+C6xqbuLCrELGVYUUIDesL"},"senderMessageKeys":[]},{"senderKeyId":1868574460,"senderChainKey":{"iteration":8,"seed":"N1/1RWljojVFp2Um1rTzQ2c8jj2lPIebqlwjGNcHIJM="},"senderSigningKey":{"public":"Bfqb8v2ivYMKm+oHXVW9xK+C6xqbuLCrELGVYUUIDesL"},"senderMessageKeys":[]},{"senderKeyId":1868574460,"senderChainKey":{"iteration":11,"seed":"d6fnqEV0WVe5gzxlWVZuIjyetrgjoK/b+NSKaob4iBc="},"senderSigningKey":{"public":"Bfqb8v2ivYMKm+oHXVW9xK+C6xqbuLCrELGVYUUIDesL"},"senderMessageKeys":[]}]