[{"senderKeyId":1853071527,"senderChainKey":{"iteration":1,"seed":"x4gnI2uNlgj5Qy8LoN/rfv4TIFAkAS6VaHy4hMUceFs="},"senderSigningKey":{"public":"BY/ly5jV/fDN3ycd0Cay8oSl8mdn6A5MBDOuyWDiajJO"},"senderMessageKeys":[]},{"senderKeyId":2110512106,"senderChainKey":{"iteration":8,"seed":"sWDNvQLKIZjtxhF6llKImxw7VEymLfmkGTISz7SJXKA="},"senderSigningKey":{"public":"BWkAoR42lO3evK/A6iummA45JLX3tsnOn8tbdUcRdvM/"},"senderMessageKeys":[]},{"senderKeyId":2110512106,"senderChainKey":{"iteration":1,"seed":"dRT/Y8gxcOS6macfV5ILfOhSvEIsAu2LgfuM6VU1ZfA="},"senderSigningKey":{"public":"BWkAoR42lO3evK/A6iummA45JLX3tsnOn8tbdUcRdvM/"},"senderMessageKeys":[]},{"senderKeyId":2110512106,"senderChainKey":{"iteration":6,"seed":"dyYez4FukREXiP2jAoJDit2Y5qLGXV6Wq6KDytcl5y4="},"senderSigningKey":{"public":"BWkAoR42lO3evK/A6iummA45JLX3tsnOn8tbdUcRdvM/"},"senderMessageKeys":[]},{"senderKeyId":2110512106,"senderChainKey":{"iteration":7,"seed":"DT4Ay/SCKe+rmL6eXZZ0BYE9N23Luw7Sh5KHJt7zcvw="},"senderSigningKey":{"public":"BWkAoR42lO3evK/A6iummA45JLX3tsnOn8tbdUcRdvM/"},"senderMessageKeys":[]}]