[{"senderKeyId":1777666552,"senderChainKey":{"iteration":30,"seed":"r7ihtBu4LJJTkQ/jkS6vkIhrpHxDoWRo92unajq77H4="},"senderSigningKey":{"public":"BXwDmLrQa4DJnyWwgdS4AuJg8N2z/frw06JbzwPWgI8A"},"senderMessageKeys":[]},{"senderKeyId":1777666552,"senderChainKey":{"iteration":15,"seed":"VMLXNvw54fNVqe5cSZbKdWCSKCyJOBt2NYEC+pGOhnc="},"senderSigningKey":{"public":"BXwDmLrQa4DJnyWwgdS4AuJg8N2z/frw06JbzwPWgI8A"},"senderMessageKeys":[]},{"senderKeyId":1777666552,"senderChainKey":{"iteration":16,"seed":"80s6OyqFIdUs7FZkFUSAqHobKcQqsgP5iWX2Gf6WLAw="},"senderSigningKey":{"public":"BXwDmLrQa4DJnyWwgdS4AuJg8N2z/frw06JbzwPWgI8A"},"senderMessageKeys":[]}]