[{"senderKeyId":1363440010,"senderChainKey":{"iteration":14,"seed":"gMdmobvE6V48LQbi8EvFectVJLlPPI/SvvRFP8dPujg="},"senderSigningKey":{"public":"BUQUyVlca0MAWhdQrSiuMftT3F3k1uZE0JOHbIALdZZx"},"senderMessageKeys":[]},{"senderKeyId":1363440010,"senderChainKey":{"iteration":5,"seed":"Rhv0a71DH0BhPYxyzHAqnbej54sj9LbNjFZziOtYyYI="},"senderSigningKey":{"public":"BUQUyVlca0MAWhdQrSiuMftT3F3k1uZE0JOHbIALdZZx"},"senderMessageKeys":[]},{"senderKeyId":1363440010,"senderChainKey":{"iteration":9,"seed":"o3fuFeNXnnopX3g5eyN8ZsvwFonOOcaEMvgmNOpz1GM="},"senderSigningKey":{"public":"BUQUyVlca0MAWhdQrSiuMftT3F3k1uZE0JOHbIALdZZx"},"senderMessageKeys":[]}]