[{"senderKeyId":1563125312,"senderChainKey":{"iteration":65,"seed":"m0eLOa3U8Xj8NVESeRcYHvrqBgsOpdBfy8Io1BJjXBY="},"senderSigningKey":{"public":"BfBddjW22BNJxhJl1+1oPNLrURv7vuRLWJ+6IlQFWzt5"},"senderMessageKeys":[{},{},{},{},{},{},{},{},{},{},{}]},{"senderKeyId":1563125312,"senderChainKey":{"iteration":20,"seed":"cyOKrp3WvhfMEaJqFNnrGG00A1HlFc9xRIXpIyg5Bt8="},"senderSigningKey":{"public":"BfBddjW22BNJxhJl1+1oPNLrURv7vuRLWJ+6IlQFWzt5"},"senderMessageKeys":[]},{"senderKeyId":1563125312,"senderChainKey":{"iteration":51,"seed":"E7kVvKW38IFgQb9cVB5EOv54j7H0ONYpdIMN/XfR7us="},"senderSigningKey":{"public":"BfBddjW22BNJxhJl1+1oPNLrURv7vuRLWJ+6IlQFWzt5"},"senderMessageKeys":[]},{"senderKeyId":1563125312,"senderChainKey":{"iteration":52,"seed":"plNSHoKBlwmQXeDUEPvHOdqC7L/zGpwf5NSxShNgc+4="},"senderSigningKey":{"public":"BfBddjW22BNJxhJl1+1oPNLrURv7vuRLWJ+6IlQFWzt5"},"senderMessageKeys":[]},{"senderKeyId":1563125312,"senderChainKey":{"iteration":53,"seed":"5caOOuo34AuWADkbX/2+F6qrkgIpgTOx1ZJzTR1j5ww="},"senderSigningKey":{"public":"BfBddjW22BNJxhJl1+1oPNLrURv7vuRLWJ+6IlQFWzt5"},"senderMessageKeys":[]},{"senderKeyId":1563125312,"senderChainKey":{"iteration":59,"seed":"j8srSgAT0IsAP1tFKHte2Kbu2YnVdsWyrKY5O4NOfkU="},"senderSigningKey":{"public":"BfBddjW22BNJxhJl1+1oPNLrURv7vuRLWJ+6IlQFWzt5"},"senderMessageKeys":[]},{"senderKeyId":1563125312,"senderChainKey":{"iteration":61,"seed":"UfsH1TobKgaonsJcLfYZuLGFOypO+9cNrl7QRgx0gsg="},"senderSigningKey":{"public":"BfBddjW22BNJxhJl1+1oPNLrURv7vuRLWJ+6IlQFWzt5"},"senderMessageKeys":[]},{"senderKeyId":1563125312,"senderChainKey":{"iteration":62,"seed":"AkO+uSn33FN4II46dmhL50CrU3/08LOW1Ioiwe4Tl3I="},"senderSigningKey":{"public":"BfBddjW22BNJxhJl1+1oPNLrURv7vuRLWJ+6IlQFWzt5"},"senderMessageKeys":[]}]