[{"senderKeyId":1004206223,"senderChainKey":{"iteration":23,"seed":"ohuBeU9ZY310hsnp6TIiAJDMMsCqp6P6R4KyEePU+Yk="},"senderSigningKey":{"public":"BZP39OtptMk1o0UEApARhGlhK1WmER2VG/3DAmy34sJ4"},"senderMessageKeys":[]},{"senderKeyId":1004206223,"senderChainKey":{"iteration":2,"seed":"cFGfRwPIu6asbQj42rKcOxV2vf8QT+ldIIJ34XfYCBE="},"senderSigningKey":{"public":"BZP39OtptMk1o0UEApARhGlhK1WmER2VG/3DAmy34sJ4"},"senderMessageKeys":[]},{"senderKeyId":1004206223,"senderChainKey":{"iteration":6,"seed":"yiZ+8oPvwAWl+JOhMp68wGe6TF7o5pBK5z31YNeON3k="},"senderSigningKey":{"public":"BZP39OtptMk1o0UEApARhGlhK1WmER2VG/3DAmy34sJ4"},"senderMessageKeys":[]},{"senderKeyId":1004206223,"senderChainKey":{"iteration":7,"seed":"LPkLi8NLaJyBlnKXkU2oaI9jPoM/Dor4yGVFDDCh98A="},"senderSigningKey":{"public":"BZP39OtptMk1o0UEApARhGlhK1WmER2VG/3DAmy34sJ4"},"senderMessageKeys":[]},{"senderKeyId":1004206223,"senderChainKey":{"iteration":21,"seed":"fBnZLoGehUW5WpCVpiJ03xR/dBwMjLW1WP1B2KkszUE="},"senderSigningKey":{"public":"BZP39OtptMk1o0UEApARhGlhK1WmER2VG/3DAmy34sJ4"},"senderMessageKeys":[]},{"senderKeyId":1004206223,"senderChainKey":{"iteration":22,"seed":"gZ30ajvcRJMHr0AWgBtrXDwm+kYb7gl8o9TzRwS3QKI="},"senderSigningKey":{"public":"BZP39OtptMk1o0UEApARhGlhK1WmER2VG/3DAmy34sJ4"},"senderMessageKeys":[]}]