{"_sessions":{"BReYSRZ7/5po27CB6tMbhcUL9BRHP+kxk0p+ZfvCPfE4":{"registrationId":156,"currentRatchet":{"ephemeralKeyPair":{"pubKey":"BfVRQS6j9LJ2zp+QPhy4V6Ao+pE2taCCLUZpNXLmaH9o","privKey":"6OqVk+2em4zE0ybr7qaKE3Sqk2liLhAXLU8TjqMb2nY="},"lastRemoteEphemeralKey":"BfNM1pbuheqQ0F8dUIlbPqmqyZJ/s1ceUK4EKj9uguNm","previousCounter":0,"rootKey":"7tZMsJAxEcmnO7WlMRMEtFi0mrbjTUY70AU+ajQu5Uk="},"indexInfo":{"baseKey":"BReYSRZ7/5po27CB6tMbhcUL9BRHP+kxk0p+ZfvCPfE4","baseKeyType":1,"closed":-1,"used":1682857114364,"created":1682857114364,"remoteIdentityKey":"BdCGR4634dhwY07NMDSFuw7xwxoTOotUa4Dd6pM4bWZx"},"_chains":{"BfVRQS6j9LJ2zp+QPhy4V6Ao+pE2taCCLUZpNXLmaH9o":{"chainKey":{"counter":2,"key":"ySzxbUXv7AEoKuqAmk5QlDnmvCJ2idBgue7Uuegm2JA="},"chainType":1,"messageKeys":{}}},"pendingPreKey":{"signedKeyId":1,"baseKey":"BReYSRZ7/5po27CB6tMbhcUL9BRHP+kxk0p+ZfvCPfE4"}}},"version":"v1"}