{"_sessions":{"BaQfCC7CssrNWT4zNb0ipMj2WODnesc4R/4xs7PL3Thc":{"registrationId":1618743173,"currentRatchet":{"ephemeralKeyPair":{"pubKey":"BfJiVhby0wsbHSNvCjy7H1mHVynj+7db/6fQuq2E1sZ1","privKey":"eGuHSs1OLmUaeqWgnAPJo4tE83j98Bk7K+FogAZO334="},"lastRemoteEphemeralKey":"BTV0ZY5O7lcItVzWU5F8LSQcKawe4en8O0O2FgiiCbsb","previousCounter":1,"rootKey":"v1jfN5j76EiFFOpL4uYETF/n9z0Fa08AIL2HwbN093U="},"indexInfo":{"baseKey":"BaQfCC7CssrNWT4zNb0ipMj2WODnesc4R/4xs7PL3Thc","baseKeyType":1,"closed":-1,"used":1682857103520,"created":1682820083043,"remoteIdentityKey":"BUqkMblJDevvOOktNf6+eY2tC3NKSD92JAZZBrACtzRO"},"_chains":{"BTV0ZY5O7lcItVzWU5F8LSQcKawe4en8O0O2FgiiCbsb":{"chainKey":{"counter":1,"key":"uY6y5gBR7mEfKVztsFDPTJJigLCQuyCkfX1OSOU815c="},"chainType":2,"messageKeys":{}},"BfJiVhby0wsbHSNvCjy7H1mHVynj+7db/6fQuq2E1sZ1":{"chainKey":{"counter":2,"key":"KeYO0DEfJlL4GIbk+NzpGOVTJZsCnX/9Y94d1CPtbaU="},"chainType":1,"messageKeys":{}}}}},"version":"v1"}