{"_sessions":{"BZ1zdEE800sTZibzk2gy9mTyS/RLaj4ejvPkhNggggE2":{"registrationId":1937443534,"currentRatchet":{"ephemeralKeyPair":{"pubKey":"BaCbTkK92RwvQJFnNdsKOh4yhT9FYN7j6hJgGJSONUwc","privKey":"wF7Yl935DOKeo/E+9K+OVOKhbgXnIXwtSEnevanfrW4="},"lastRemoteEphemeralKey":"Be/teIzr5eQ6D04gFmLXihb8QPT2qsPvUA8AQ8A8UK0Q","previousCounter":0,"rootKey":"zIl0u+UOvwwTGv5sJnnDIcKZU+uTH38b1JrQs28E3N4="},"indexInfo":{"baseKey":"BZ1zdEE800sTZibzk2gy9mTyS/RLaj4ejvPkhNggggE2","baseKeyType":2,"closed":-1,"used":1682857101895,"created":1682857101895,"remoteIdentityKey":"BV9i4Rwg985876cfQzdDxnwOUReVsDZUCqVkpM1as2Zg"},"_chains":{"Be/teIzr5eQ6D04gFmLXihb8QPT2qsPvUA8AQ8A8UK0Q":{"chainKey":{"counter":2,"key":"J7oYLjSEO/KPGshqt80nFdc97C0mGmR0u0jgUxzsgDY="},"chainType":2,"messageKeys":{}},"BaCbTkK92RwvQJFnNdsKOh4yhT9FYN7j6hJgGJSONUwc":{"chainKey":{"counter":2,"key":"AcGcURp4VhlhIX3eo+BSwkJSR1I35QfeeOQda5SKQjY="},"chainType":1,"messageKeys":{}}}}},"version":"v1"}