{"_sessions":{"BbhvJq/N+wawLZvdhvwkc1swzoQmbq8wsi4bhwR1ushI":{"registrationId":1970139157,"currentRatchet":{"ephemeralKeyPair":{"pubKey":"BXWZh43hExUk3aesD7N2ECNiOSmsMAsWSxkfdvTAw8Nc","privKey":"QK1Gr9V//LCZ9iqyy7G0WJMBxVjHxitYbOd4gSYKA0s="},"lastRemoteEphemeralKey":"Bbu0qar4GNtZ8xJpAwI3rnQg1q2wUrdzEDrpR1uJMsAE","previousCounter":0,"rootKey":"OPM165g+Yvg4EBH9RXAHa/3Qf3Zl66LLvBqtufeaFI4="},"indexInfo":{"baseKey":"BbhvJq/N+wawLZvdhvwkc1swzoQmbq8wsi4bhwR1ushI","baseKeyType":1,"closed":-1,"used":1682820083007,"created":1682820083007,"remoteIdentityKey":"BQyX1/qvg7yKhDLs6vKUHkZZzG/WzQPw+SsrZHLDREhx"},"_chains":{"BXWZh43hExUk3aesD7N2ECNiOSmsMAsWSxkfdvTAw8Nc":{"chainKey":{"counter":4,"key":"WqsjXcmxLq0qqkkEwO1avADoDJY267nth0RFrYsRiuA="},"chainType":1,"messageKeys":{}}},"pendingPreKey":{"signedKeyId":1,"baseKey":"BbhvJq/N+wawLZvdhvwkc1swzoQmbq8wsi4bhwR1ushI","preKeyId":10908232}}},"version":"v1"}