{"_sessions":{"BdkRloOwSIzwTcqQS/4inj3QHlUehD51yuwXCr3SlKo1":{"registrationId":1228405618,"currentRatchet":{"ephemeralKeyPair":{"pubKey":"BbLYlPV0Y78kLqmvOvoAOBexEI4QPl0SLu/VfqRPmx9+","privKey":"QOf3iYrQQ8PKQ+VHesHY0L2/urSobrLuS8Yo5+ya9mk="},"lastRemoteEphemeralKey":"Bd5sOKuMw0y6Musmy5QevbTutveeAc9KlmiuPPqEYvYG","previousCounter":0,"rootKey":"6zHUtqkqm32uJamxyAkvNB4BvK3FjKzh46PYFUXI+hg="},"indexInfo":{"baseKey":"BdkRloOwSIzwTcqQS/4inj3QHlUehD51yuwXCr3SlKo1","baseKeyType":1,"closed":-1,"used":1682820082712,"created":1682820082712,"remoteIdentityKey":"Bf1Ww7BqeFcb3MxbbNQNqoTmkm2L+whV6RKVC8/Y8ZBN"},"_chains":{"BbLYlPV0Y78kLqmvOvoAOBexEI4QPl0SLu/VfqRPmx9+":{"chainKey":{"counter":4,"key":"+lAeX2LixfT8x4KVhKhP0XhwiZqD3ylByCRSJgZ8ReM="},"chainType":1,"messageKeys":{}}},"pendingPreKey":{"signedKeyId":0,"baseKey":"BdkRloOwSIzwTcqQS/4inj3QHlUehD51yuwXCr3SlKo1","preKeyId":7121841}}},"version":"v1"}