{"_sessions":{"BRSzt8HIzDiOAwMP5kNIOeSCUN9CBpgBx9hIpw/RyFNt":{"registrationId":587353840,"currentRatchet":{"ephemeralKeyPair":{"pubKey":"BU21hvxUl/YDrVdtmd9bJKkTqBo2KcvBIHI30tRCevo2","privKey":"CJKf1+L16B4RsShne5Xh/9H2J+TWUocK1JnKii6eUk8="},"lastRemoteEphemeralKey":"BcoraE1QRu6NS2t/YGC4YITlxkO4y6kKQHSJm9pz34ID","previousCounter":0,"rootKey":"XevzSAF/vDXydNM3Cgumw9+mbNjiy6Km/M6pB4JvafE="},"indexInfo":{"baseKey":"BRSzt8HIzDiOAwMP5kNIOeSCUN9CBpgBx9hIpw/RyFNt","baseKeyType":1,"closed":1682857116466,"used":1682820082783,"created":1682820082783,"remoteIdentityKey":"BWbYq4jvqSaFDqENGiBfd1oyDuFLZcEMYJhdfwrpbioZ"},"_chains":{"BU21hvxUl/YDrVdtmd9bJKkTqBo2KcvBIHI30tRCevo2":{"chainKey":{"counter":3,"key":"V7waHJL/T9MDZCSGbgKgtDODgcnWOIOzZojfGm+sAyE="},"chainType":1,"messageKeys":{}}},"pendingPreKey":{"signedKeyId":0,"baseKey":"BRSzt8HIzDiOAwMP5kNIOeSCUN9CBpgBx9hIpw/RyFNt","preKeyId":3544144}},"Bc9IPso2pZKlWPhf3G+wvwZLZyDjwtFz6lg8vAjx5Lxx":{"registrationId":1846011307,"currentRatchet":{"ephemeralKeyPair":{"pubKey":"BXmZO3MIoUHEVWOU15ZwjOsacxaMd7Wj5SMcKOTH44c6","privKey":"IARGJkD5HzIMe1b4Vv4x5bO/WqALADarrsOLRGeSdnU="},"lastRemoteEphemeralKey":"BU+5TEpROaJNiXwZMXcrG15zBDVwjb21c0lGeJUWvvNP","previousCounter":0,"rootKey":"lOzdtgrKD6pzvP1xipPRsTib6NBL19fzC1UOQPMfzZ0="},"indexInfo":{"baseKey":"Bc9IPso2pZKlWPhf3G+wvwZLZyDjwtFz6lg8vAjx5Lxx","baseKeyType":1,"closed":1682857117641,"used":1682857116448,"created":1682857116448,"remoteIdentityKey":"BQyaenuFaXdT5S733bu3bQ1TzB5NQ08OCh9jXEXGkaFc"},"_chains":{"BXmZO3MIoUHEVWOU15ZwjOsacxaMd7Wj5SMcKOTH44c6":{"chainKey":{"counter":-1,"key":"YtI/fV3T1xYWUvPd+8nfApKvbbqFWBgCCupkGMa3Y4I="},"chainType":1,"messageKeys":{}}},"pendingPreKey":{"signedKeyId":0,"baseKey":"Bc9IPso2pZKlWPhf3G+wvwZLZyDjwtFz6lg8vAjx5Lxx","preKeyId":13558049}},"BcLys4I0U2583ywMXuh7tgP0zsLTcSz/YFt3RwIl/AcY":{"registrationId":1846011307,"currentRatchet":{"ephemeralKeyPair":{"pubKey":"BXs/Ed30w6bQlrAR7qRP5of5L1KqhZ/4Lyu20yQDtdcY","privKey":"4IIGETs/4WNdHsoP5nNVKeiDl3acRbkkEq+N2xIQD0Y="},"lastRemoteEphemeralKey":"BU+5TEpROaJNiXwZMXcrG15zBDVwjb21c0lGeJUWvvNP","previousCounter":0,"rootKey":"mXLjR+C6M2G+eSbFydfRgdG9yWjDhOfXVNZz5MBNP/c="},"indexInfo":{"baseKey":"BcLys4I0U2583ywMXuh7tgP0zsLTcSz/YFt3RwIl/AcY","baseKeyType":1,"closed":-1,"used":1682857117604,"created":1682857117604,"remoteIdentityKey":"BQyaenuFaXdT5S733bu3bQ1TzB5NQ08OCh9jXEXGkaFc"},"_chains":{"BXs/Ed30w6bQlrAR7qRP5of5L1KqhZ/4Lyu20yQDtdcY":{"chainKey":{"counter":0,"key":"2aTzZ4uZbfPu6mTLxkpgnQJA50tw431ScfMYWOrRY/g="},"chainType":1,"messageKeys":{}}},"pendingPreKey":{"signedKeyId":0,"baseKey":"BcLys4I0U2583ywMXuh7tgP0zsLTcSz/YFt3RwIl/AcY","preKeyId":13557310}}},"version":"v1"}