{"_sessions":{"BWHDNWm01LUJgBX4ej5YpuEViUAyG+uJOvx5dLC5CCQS":{"registrationId":1549165997,"currentRatchet":{"ephemeralKeyPair":{"pubKey":"BVCe9k5dbqf8jVscrpFHii5JTy+tAqJzp5j6uWsw4yIh","privKey":"mLR8KUooBU5lhS47dr5c5KyXJIz2r7/WWEHp75kBgmE="},"lastRemoteEphemeralKey":"BcwqA3JRhwBHH7FfLWHHCJeTBk40NqrEtczl79c1561R","previousCounter":0,"rootKey":"Vy6teo0RrVeV3ug85A4Vb5PBrzAF/OXb35VwrrJh4pM="},"indexInfo":{"baseKey":"BWHDNWm01LUJgBX4ej5YpuEViUAyG+uJOvx5dLC5CCQS","baseKeyType":1,"closed":-1,"used":1682820083154,"created":1682820083154,"remoteIdentityKey":"BYyQ5H7daINhfU06Ib/CUfiur5vzkdYkMDhxtI7U3cdD"},"_chains":{"BVCe9k5dbqf8jVscrpFHii5JTy+tAqJzp5j6uWsw4yIh":{"chainKey":{"counter":4,"key":"krTDBWPA1nSgIkjCTAtYShk2B4nLAuXNgkv2cOcNeok="},"chainType":1,"messageKeys":{}}},"pendingPreKey":{"signedKeyId":7,"baseKey":"BWHDNWm01LUJgBX4ej5YpuEViUAyG+uJOvx5dLC5CCQS","preKeyId":15675590}}},"version":"v1"}