{"_sessions":{"BUjG1v0WJBYFd8fznNpLdd3jHZvSbFV5t8XfhYQXB7wf":{"registrationId":117,"currentRatchet":{"ephemeralKeyPair":{"pubKey":"BdDWnuheD1Za7Yq/rpYhEu7rkGbVoYNKcKM348teWhUx","privKey":"6HaC/e5eYtCn045O/MudnlIM5zBlwruU/RLxxT7UYH8="},"lastRemoteEphemeralKey":"BbGO+KOTt/Z5/++cPN7IWx2jOIh0y/xOsXGObGZDt/NM","previousCounter":0,"rootKey":"Ueg9RwhkDBVDW820BpnPP0An+bfgy4fg3cLhujgiahY="},"indexInfo":{"baseKey":"BUjG1v0WJBYFd8fznNpLdd3jHZvSbFV5t8XfhYQXB7wf","baseKeyType":1,"closed":-1,"used":1682820082237,"created":1682820082237,"remoteIdentityKey":"BY41ogmmJgWaAuxShfukifFWegQh8xcQH6gYa6dI1rAh"},"_chains":{"BdDWnuheD1Za7Yq/rpYhEu7rkGbVoYNKcKM348teWhUx":{"chainKey":{"counter":4,"key":"BwzuH9FRnJQxK0I6p9PirtI1+i1w4CvAvhR7lLxQ784="},"chainType":1,"messageKeys":{}}},"pendingPreKey":{"signedKeyId":1,"baseKey":"BUjG1v0WJBYFd8fznNpLdd3jHZvSbFV5t8XfhYQXB7wf"}}},"version":"v1"}