{"_sessions":{"BX6mFbPuq1/H1e1AB6Mdwb/z5kTIoXLAYv14E2C0Slte":{"registrationId":505377489,"currentRatchet":{"ephemeralKeyPair":{"pubKey":"BSBidwjifMlxwuVO24M13y7xyfD/4G/Z8OiaM3eKxcAQ","privKey":"gNlZyQXsjsjntY6iZ9SRshwK5VY/VvDJOXBgAskTp2k="},"lastRemoteEphemeralKey":"Be+20IrzhBjL4KM3u3NTewNOaz28+4VWKjBJDPpDK0U3","previousCounter":0,"rootKey":"+UZSN9usXBAm0Z4RWM9VZprKuowVsVw4/7MMNGT9jIM="},"indexInfo":{"baseKey":"BX6mFbPuq1/H1e1AB6Mdwb/z5kTIoXLAYv14E2C0Slte","baseKeyType":1,"closed":-1,"used":1682820083014,"created":1682820083014,"remoteIdentityKey":"BTmEfoZ7R1R4F9zPk2iBL+LD36IieuFKogJ4/3a0bTw1"},"_chains":{"BSBidwjifMlxwuVO24M13y7xyfD/4G/Z8OiaM3eKxcAQ":{"chainKey":{"counter":4,"key":"MMC5FjXSry2YaujRiOuIwtKq1JvUZyHGgSBXZ3pEdc4="},"chainType":1,"messageKeys":{}}},"pendingPreKey":{"signedKeyId":0,"baseKey":"BX6mFbPuq1/H1e1AB6Mdwb/z5kTIoXLAYv14E2C0Slte","preKeyId":15138876}}},"version":"v1"}