{"_sessions":{"BaLjblPuPOKGIAoO8C86F95r28ICXQ8s2RpOvgtEAbwN":{"registrationId":24,"currentRatchet":{"ephemeralKeyPair":{"pubKey":"BV3+r2vbBiYi77jJZxJ0c+B0/rUFlH81ANQX/6WiAggG","privKey":"eBkbjDhoY5QLyL+aSe2kPneES8/EPdHHJ9zdKthEAn8="},"lastRemoteEphemeralKey":"BbVV8irHUQc7gIj0KU+58LAVcKSOzDKa/JlCWknn6twE","previousCounter":0,"rootKey":"LMJ94ejaJA577tyhc1JgFzw30Yt5V4hwA/rAvKucN2E="},"indexInfo":{"baseKey":"BaLjblPuPOKGIAoO8C86F95r28ICXQ8s2RpOvgtEAbwN","baseKeyType":1,"closed":-1,"used":1682857114337,"created":1682857114337,"remoteIdentityKey":"BTRl5DAl0rrdNLfYYGvfYHFnn687Whox/FbCMsZdlIFT"},"_chains":{"BV3+r2vbBiYi77jJZxJ0c+B0/rUFlH81ANQX/6WiAggG":{"chainKey":{"counter":2,"key":"QoImCeHNjMG77ng/nU5PBKGj4DBS/nfWmEtrNLSiETk="},"chainType":1,"messageKeys":{}}},"pendingPreKey":{"signedKeyId":1,"baseKey":"BaLjblPuPOKGIAoO8C86F95r28ICXQ8s2RpOvgtEAbwN"}}},"version":"v1"}