{"_sessions":{"BSSBbwvPBYyNvb3RKwwgI9zrbFx7LJXkbpS9RwJ1tqwh":{"registrationId":1481058260,"currentRatchet":{"ephemeralKeyPair":{"pubKey":"BYAZGD7MxNGag6Vi2YesK0zizA0lC32+YPgfOSuOTWZh","privKey":"EGM3CaTZa2ADcB+E1dq8bgecWQe5SRxXMUXOV8PgzXg="},"lastRemoteEphemeralKey":"BQAtEJ0h9Dd6I4Uf+SLGfLl7T0kOpAaKOhBLUAS62kV6","previousCounter":0,"rootKey":"4IkRqj5h1BTUTfKPqXG10lUPfemgtPg5zr6kgiTxLVM="},"indexInfo":{"baseKey":"BSSBbwvPBYyNvb3RKwwgI9zrbFx7LJXkbpS9RwJ1tqwh","baseKeyType":1,"closed":-1,"used":1682820082988,"created":1682820082988,"remoteIdentityKey":"BRxofUQmp843GbSOdE+qxWvaDYuV9JLHTdCRXIn6eu5T"},"_chains":{"BYAZGD7MxNGag6Vi2YesK0zizA0lC32+YPgfOSuOTWZh":{"chainKey":{"counter":4,"key":"2KfDA9l9nXvBj/Xyvf0T3v5cFtXRnBHnLZHKddXX5MI="},"chainType":1,"messageKeys":{}}},"pendingPreKey":{"signedKeyId":5,"baseKey":"BSSBbwvPBYyNvb3RKwwgI9zrbFx7LJXkbpS9RwJ1tqwh","preKeyId":2511994}}},"version":"v1"}