{"_sessions":{"BWQ14b9aow+Jce05eqNaaWkfAh/iN3YZDcm49mBq3d05":{"registrationId":937864776,"currentRatchet":{"ephemeralKeyPair":{"pubKey":"BWVpCRynuaLm6lC0034vkOuFFxAaXFWpHpD8SENloEhH","privKey":"eNjcMEk7Ns2qz++0CHIjeES6QzpDJr+8/WfIR9mCaFA="},"lastRemoteEphemeralKey":"BSdxSJX57QxukvAPkr5/IL1tTY/rpVlchxo3b+JYKikW","previousCounter":0,"rootKey":"yPZz3WDADhTm3DEVVfN6FVp+HhJD7oZqBszczZhzVco="},"indexInfo":{"baseKey":"BWQ14b9aow+Jce05eqNaaWkfAh/iN3YZDcm49mBq3d05","baseKeyType":1,"closed":-1,"used":1682820083220,"created":1682820083220,"remoteIdentityKey":"BZv1KYwUpsTnRlLPvmB3Ev5tNNBjsyj4vQcbxw43zgMw"},"_chains":{"BWVpCRynuaLm6lC0034vkOuFFxAaXFWpHpD8SENloEhH":{"chainKey":{"counter":4,"key":"645JaeOHYJ3wg/Lpdqr+3jInjeSMf/LUGAQhdeG8FeQ="},"chainType":1,"messageKeys":{}}},"pendingPreKey":{"signedKeyId":0,"baseKey":"BWQ14b9aow+Jce05eqNaaWkfAh/iN3YZDcm49mBq3d05","preKeyId":16411143}}},"version":"v1"}