{"_sessions":{"BfCErVoFEMXvC1Ta0IcT9PEz+aJ+2+GEiP/M7aBqza0c":{"registrationId":1669006671,"currentRatchet":{"ephemeralKeyPair":{"pubKey":"BSeeCSHGYl0AdoWZIjPvHWFgmFrzPUxuoUPLkh3O4R15","privKey":"aM1aoB339utQ0ZfxSdQEO2PGDdCfq9wzrH+tp6SUrnU="},"lastRemoteEphemeralKey":"BZS8yu+S2+iGv8U+G+0GQIQL4fKPXqSndHcoYUo8EiEk","previousCounter":0,"rootKey":"FHNpn4zNRj7eejERN5ps7ulhzpB3Vpv7WtYGaVX6Xrs="},"indexInfo":{"baseKey":"BfCErVoFEMXvC1Ta0IcT9PEz+aJ+2+GEiP/M7aBqza0c","baseKeyType":1,"closed":-1,"used":1682820082705,"created":1682820082705,"remoteIdentityKey":"BZt2P3/gOPAYrGxd6NBgzCUrEytQEODPUFA8DqXr848I"},"_chains":{"BSeeCSHGYl0AdoWZIjPvHWFgmFrzPUxuoUPLkh3O4R15":{"chainKey":{"counter":4,"key":"nxccj/gtftP3X3QfOsP9cMqAwkJO3Hb8+ys0nvbPF14="},"chainType":1,"messageKeys":{}}},"pendingPreKey":{"signedKeyId":0,"baseKey":"BfCErVoFEMXvC1Ta0IcT9PEz+aJ+2+GEiP/M7aBqza0c","preKeyId":15447313}}},"version":"v1"}