{"_sessions":{"BWI2AjxDDgvsqjmR2Pm9IhJmhIOBUcECcSKV6gyxUNlr":{"registrationId":1253597519,"currentRatchet":{"ephemeralKeyPair":{"pubKey":"Bb7m1lMi4X4CilO4/jxLmDb7urg2y4cpPvsXWwqfb78m","privKey":"mFVRW0Oh0zE717yaZu0cOncv1sEMi1EDuS8fgA7Ky1U="},"lastRemoteEphemeralKey":"BYfoOE2d4nG5U2rPCPz7uALJnVCq6EsynLs1/ugpKe1e","previousCounter":0,"rootKey":"g/vh+IUpig1QFofJYCc21unXVmpkCa+GQ6NGCPUeeuE="},"indexInfo":{"baseKey":"BWI2AjxDDgvsqjmR2Pm9IhJmhIOBUcECcSKV6gyxUNlr","baseKeyType":1,"closed":-1,"used":1682820082791,"created":1682820082791,"remoteIdentityKey":"BbFVvvRC3e3NbbRaNIe3kfLBTHvK9XcMYUSxU7U2Gx9Q"},"_chains":{"Bb7m1lMi4X4CilO4/jxLmDb7urg2y4cpPvsXWwqfb78m":{"chainKey":{"counter":4,"key":"kYpkh+xS2w0wevGL+h7RcNAOd/RPcODBl1kWvFsUbH0="},"chainType":1,"messageKeys":{}}},"pendingPreKey":{"signedKeyId":0,"baseKey":"BWI2AjxDDgvsqjmR2Pm9IhJmhIOBUcECcSKV6gyxUNlr"}}},"version":"v1"}