{"_sessions":{"BSJRX0ezy33ShooOEVh9KUexpuIJAzGwEEnmaoAXjywo":{"registrationId":1014964946,"currentRatchet":{"ephemeralKeyPair":{"pubKey":"BUvpKkm3wiM1oXLUuts1SCeK17ZJv2vh4UDrCjf8W+ll","privKey":"eITNkl3KkVmFg1aoSIt6Be6VuLVVZrWl28WLrT51bVU="},"lastRemoteEphemeralKey":"BSywVkv7nGy2AUl+PDRS99dC1Zmj7LiBrlYzFD1sEkFK","previousCounter":0,"rootKey":"ofF3E6IDLCxd2s0LmS331tx7Vb3pGN19X8425Iu0s6s="},"indexInfo":{"baseKey":"BSJRX0ezy33ShooOEVh9KUexpuIJAzGwEEnmaoAXjywo","baseKeyType":1,"closed":-1,"used":1682820082844,"created":1682820082844,"remoteIdentityKey":"BVZ8nY+COvlmBUh6E6mtowuJi/k5+OxkHnFhOFSMo7l0"},"_chains":{"BUvpKkm3wiM1oXLUuts1SCeK17ZJv2vh4UDrCjf8W+ll":{"chainKey":{"counter":4,"key":"/1inCX972bqi4glKM8ElemSvnX9wQwekOY1pEBKJDhM="},"chainType":1,"messageKeys":{}}},"pendingPreKey":{"signedKeyId":5,"baseKey":"BSJRX0ezy33ShooOEVh9KUexpuIJAzGwEEnmaoAXjywo","preKeyId":7600197}}},"version":"v1"}