{"_sessions":{"BRP2ZqvgOlOT8xMNR00wtUaKqzZsZWKDpegxOfwJhL4k":{"registrationId":1999163033,"currentRatchet":{"ephemeralKeyPair":{"pubKey":"BTLV79REEzpQ0yCumtkzCokX4KVfD0+oGLcUkX3ASDhY","privKey":"WFWofXALy1F7ZLFZ6977xZS+YDLOvtT5NhrN9TrodXY="},"lastRemoteEphemeralKey":"BZArodvsyWGCChi7BSS/oQmd0Z5oXi8+BKXcxfOPyiwn","previousCounter":0,"rootKey":"WijlPsP9YujYKImDnUyeJGe33MarU6rRazjTd5WceLc="},"indexInfo":{"baseKey":"BRP2ZqvgOlOT8xMNR00wtUaKqzZsZWKDpegxOfwJhL4k","baseKeyType":1,"closed":-1,"used":1682820083189,"created":1682820083189,"remoteIdentityKey":"BUrTV4rBSBDDdw9x0vkn2dtfvazxKCSj9fUyLoDbGGVI"},"_chains":{"BTLV79REEzpQ0yCumtkzCokX4KVfD0+oGLcUkX3ASDhY":{"chainKey":{"counter":4,"key":"65WLJDzDBvweku7W5uocKQF8u1lnDEV/vWbNjcsxrLY="},"chainType":1,"messageKeys":{}}},"pendingPreKey":{"signedKeyId":1,"baseKey":"BRP2ZqvgOlOT8xMNR00wtUaKqzZsZWKDpegxOfwJhL4k","preKeyId":1717688}}},"version":"v1"}