{"_sessions":{"Bfpc3jfK8q8phZ6k03fkCvWVZ0cIiGkMTkSfpWghEbxT":{"registrationId":492188270,"currentRatchet":{"ephemeralKeyPair":{"pubKey":"BVnj6VHfVGtDelTInLDmkaV/tcC5B9G6GiTUbQ8GdnFY","privKey":"oOrfYmEyiiW3nii4kB6bBzgSDuLeGllJ9y0y+fVgEXM="},"lastRemoteEphemeralKey":"BfGFLuTgYe5grG9ljMaFghD/hPIY2SH5qxe3J1OC9WgN","previousCounter":0,"rootKey":"c/kwLJYzvqJQHqTkjcXI2eQREZMTMSX9lsIAy7P0KIY="},"indexInfo":{"baseKey":"Bfpc3jfK8q8phZ6k03fkCvWVZ0cIiGkMTkSfpWghEbxT","baseKeyType":1,"closed":-1,"used":1682820083021,"created":1682820083021,"remoteIdentityKey":"BQJ3Vw5tfOHwFB9+dlPXEELgULIwSHrsGbwD7xflJKkD"},"_chains":{"BVnj6VHfVGtDelTInLDmkaV/tcC5B9G6GiTUbQ8GdnFY":{"chainKey":{"counter":4,"key":"aAoFBkXoHJpX9zaCIpSjXA4mVMsGcaX7DUAcQSMG88Q="},"chainType":1,"messageKeys":{}}},"pendingPreKey":{"signedKeyId":10,"baseKey":"Bfpc3jfK8q8phZ6k03fkCvWVZ0cIiGkMTkSfpWghEbxT","preKeyId":143391}}},"version":"v1"}