{"_sessions":{"BYmVeUSIGLDaPpEWuoKXrnqIWuBzDMGPKX0neRPeZgZm":{"registrationId":180683895,"currentRatchet":{"ephemeralKeyPair":{"pubKey":"Bbj89XxIhkj6j+PXCVw+6OKkSC4G7QxsVXdESQg9k90j","privKey":"sHkx59NLCjtt/dDmAea1MT8L4vdniVT7WKW96ei4THA="},"lastRemoteEphemeralKey":"BfhuTKAQCS20D5GwYMHpy71+c4F+vvpj+6xcRmu+OhV+","previousCounter":0,"rootKey":"5BHweNEbLBJLyPRxEdvUNwA1KYaprUyD1sRAPcNBrrM="},"indexInfo":{"baseKey":"BYmVeUSIGLDaPpEWuoKXrnqIWuBzDMGPKX0neRPeZgZm","baseKeyType":1,"closed":-1,"used":1682820082968,"created":1682820082968,"remoteIdentityKey":"BZkMS2nR76Tzr2HZPhldvIKBycwtkK3q6dZ1ERlWxwko"},"_chains":{"Bbj89XxIhkj6j+PXCVw+6OKkSC4G7QxsVXdESQg9k90j":{"chainKey":{"counter":4,"key":"7pWQPSsTO7CHkctMuA0LHK1rv73B6YqjLsBG+gcSgj8="},"chainType":1,"messageKeys":{}}},"pendingPreKey":{"signedKeyId":1,"baseKey":"BYmVeUSIGLDaPpEWuoKXrnqIWuBzDMGPKX0neRPeZgZm","preKeyId":3411174}}},"version":"v1"}