{"_sessions":{"BSmc911ObfSIt32n8W+Hw1udrv2Ta+PfDxgBh0d8Pad5":{"registrationId":1716290982,"currentRatchet":{"ephemeralKeyPair":{"pubKey":"BemUU7BfIcpZKxmdf/LEeU/yY6fhpz3sO3zUmrP8seFe","privKey":"SMudoW8lxiqcKstUONVEspQiK2QJgqHcs50tHyu/VUM="},"lastRemoteEphemeralKey":"Bc4ExbbQUjXYnziGRSajoSnP3EpzwGq6UmVjABYcseRZ","previousCounter":0,"rootKey":"IfS46PE+HD6rcc1iOYr/PULTFhYKSfXZuz5qm5vrG3I="},"indexInfo":{"baseKey":"BSmc911ObfSIt32n8W+Hw1udrv2Ta+PfDxgBh0d8Pad5","baseKeyType":1,"closed":-1,"used":1682820083196,"created":1682820083196,"remoteIdentityKey":"Bc7PRcf8m1ySoVTnH6ADMmeL7yJZeUZ8aekawq5XIrg8"},"_chains":{"BemUU7BfIcpZKxmdf/LEeU/yY6fhpz3sO3zUmrP8seFe":{"chainKey":{"counter":4,"key":"f3JE0U+4hbxL56HmLAO11PEvCpRKnkEhXD7PEfGA8MY="},"chainType":1,"messageKeys":{}}},"pendingPreKey":{"signedKeyId":1,"baseKey":"BSmc911ObfSIt32n8W+Hw1udrv2Ta+PfDxgBh0d8Pad5","preKeyId":12509600}}},"version":"v1"}