{"_sessions":{"BeXjNnWgvA1sS/0zEcZ/q4PgFCPR92qw2aDw5rguak0M":{"registrationId":1842252745,"currentRatchet":{"ephemeralKeyPair":{"pubKey":"BcTK6B66HNCnhmjs0T1XANXT7w4o+JVPuswkd9gnWeEZ","privKey":"YD3OoFHHwj4AicgFfA1PWbgTkP3tTj8BpGbCydbhVH4="},"lastRemoteEphemeralKey":"BWasvj8w+SV+vI781Km6baNPAZFbGek0jSXSirdppacd","previousCounter":1,"rootKey":"jFNGjlI2qZNRdKqWH5Lo2yvqSCnhm4gVfxxxMqUOAS0="},"indexInfo":{"baseKey":"BeXjNnWgvA1sS/0zEcZ/q4PgFCPR92qw2aDw5rguak0M","baseKeyType":1,"closed":-1,"used":1682857105731,"created":1682820083102,"remoteIdentityKey":"BYZEosX1LPYUU0lFV7sWwD04VaJnzkgkCJLHNqV+CXBF"},"_chains":{"BWasvj8w+SV+vI781Km6baNPAZFbGek0jSXSirdppacd":{"chainKey":{"counter":1,"key":"V99+HvI4Tt0QYIXOwrnjBIepXwy6/IIf/Li7XwQ4RYA="},"chainType":2,"messageKeys":{}},"BcTK6B66HNCnhmjs0T1XANXT7w4o+JVPuswkd9gnWeEZ":{"chainKey":{"counter":2,"key":"rDhDSC8Z42jVQ4gXRNIaq0Gm0tgQ7cEIm7RJ88HoaOw="},"chainType":1,"messageKeys":{}}}}},"version":"v1"}