{"_sessions":{"Be5VH5vY9j4tKyye0SPqu7Nn30qnvRw92afCbkdCgU5g":{"registrationId":1487477965,"currentRatchet":{"ephemeralKeyPair":{"pubKey":"BTYDaZcHCDsnAr3DDF2GmSSgaHDx862j165j0WT6va4P","privKey":"yBTr0a4sxgOpCm+riPNgOoKOi4eErYsG+qK0wNBnK28="},"lastRemoteEphemeralKey":"BcGmI5i3b4ctOzQPgo4+leGy+YL+5e2jpvyk2ojvVYdH","previousCounter":0,"rootKey":"ZntPuv0MYQxAuhMKOfHJmClo2pbYeSDUtiDJg1W7iGk="},"indexInfo":{"baseKey":"Be5VH5vY9j4tKyye0SPqu7Nn30qnvRw92afCbkdCgU5g","baseKeyType":1,"closed":-1,"used":1682820082865,"created":1682820082865,"remoteIdentityKey":"BazdIUY6g8WEN2Iu0guyIJfr9PrsXEGQEy+3w8K/2i8w"},"_chains":{"BTYDaZcHCDsnAr3DDF2GmSSgaHDx862j165j0WT6va4P":{"chainKey":{"counter":4,"key":"o1vUJPx4Mir36A3mV7BjDg6GsqCCjPBgioYGtmKkay4="},"chainType":1,"messageKeys":{}}},"pendingPreKey":{"signedKeyId":0,"baseKey":"Be5VH5vY9j4tKyye0SPqu7Nn30qnvRw92afCbkdCgU5g","preKeyId":7499257}}},"version":"v1"}