{"_sessions":{"BWcfHl1Yj38bj082m8GYSqerQkA2NoWBpKkL0dfsAtFh":{"registrationId":229959134,"currentRatchet":{"ephemeralKeyPair":{"pubKey":"BSSTOUaW+7peT5ecfo7dto4gH4O9Y9It3qiEBPHZibZQ","privKey":"eBfVQ3sg8C/EuSqblRwMj0rGXLSXmS0B5uyefIdmLHI="},"lastRemoteEphemeralKey":"BeZF6aDmnLAmITdgyuJQZQCfyviaAzsz9sEiJBwsJ9Va","previousCounter":0,"rootKey":"t8N941A7P1bEM0ZKu2U46uiIsorY5J01Nhjp8+ktTtY="},"indexInfo":{"baseKey":"BWcfHl1Yj38bj082m8GYSqerQkA2NoWBpKkL0dfsAtFh","baseKeyType":1,"closed":-1,"used":1682820082491,"created":1682820082491,"remoteIdentityKey":"BVHSB7kvDXQdp4VNtwR8yRLRWzny2p+fY0aLwSKLlmAa"},"_chains":{"BSSTOUaW+7peT5ecfo7dto4gH4O9Y9It3qiEBPHZibZQ":{"chainKey":{"counter":4,"key":"MB1AD9cPbbuCoStJhBkNGJXbElwKsPEW8oUM4QMhPWc="},"chainType":1,"messageKeys":{}}},"pendingPreKey":{"signedKeyId":0,"baseKey":"BWcfHl1Yj38bj082m8GYSqerQkA2NoWBpKkL0dfsAtFh","preKeyId":3319507}}},"version":"v1"}