{"_sessions":{"BVeA8Fjp5v3MuQt0FmcvBjbhYkYiY3hZvkq9k4NVkNwb":{"registrationId":659847633,"currentRatchet":{"ephemeralKeyPair":{"pubKey":"BVMrissniipBDMe4X4BUBz0ukJbmvYxG9Qd1LN2/atIh","privKey":"cCS/ya+1MFZA6T7FurjWmn0c+/Jgg+L1HXKAA3/7oWM="},"lastRemoteEphemeralKey":"BQqd92xcR8ZAmYM4ubOcr0tbCy60r95YgEdlaDY3jeIJ","previousCounter":0,"rootKey":"eleCz6mkJZzYPpEVjzRpffQ2yk7UDkwO5kS8I1E4gAc="},"indexInfo":{"baseKey":"BVeA8Fjp5v3MuQt0FmcvBjbhYkYiY3hZvkq9k4NVkNwb","baseKeyType":1,"closed":-1,"used":1682820082437,"created":1682820082437,"remoteIdentityKey":"BU4wgoJWoZqteYO6aNr5P/mCjuwVjvAFrvY4udhsvhhZ"},"_chains":{"BVMrissniipBDMe4X4BUBz0ukJbmvYxG9Qd1LN2/atIh":{"chainKey":{"counter":4,"key":"R2OBXNKDsPZOlgorNvIhW+Xhw0Ti13UfQWugg7P8jyk="},"chainType":1,"messageKeys":{}}},"pendingPreKey":{"signedKeyId":1,"baseKey":"BVeA8Fjp5v3MuQt0FmcvBjbhYkYiY3hZvkq9k4NVkNwb","preKeyId":483943}}},"version":"v1"}