{"_sessions":{"Bc2K26ILQ8yJTMYF+eLsqVH/dKSDlGKdHt9uTq7NYpV/":{"registrationId":812361328,"currentRatchet":{"ephemeralKeyPair":{"pubKey":"BXW81iHVx0V36gryh5P0NOdgu2N1+nIH3LB4wVs4cIo/","privKey":"sBIATRdHxiBTfu1/PjVI6WN/JVsX0AMgq2vspIuQfXw="},"lastRemoteEphemeralKey":"BVUxkjs89sWxxXAquphQrQpPMn2jwVWZYKK2lD1o4pgd","previousCounter":0,"rootKey":"xAN1qBw7p7qqW/ogPjQoQa1eI6HHVP1FrDGBuuGyq8Q="},"indexInfo":{"baseKey":"Bc2K26ILQ8yJTMYF+eLsqVH/dKSDlGKdHt9uTq7NYpV/","baseKeyType":1,"closed":-1,"used":1682820082912,"created":1682820082912,"remoteIdentityKey":"BbW0uSfn8ulH49jBf+pgIAV7pdo5k66ZHOqAVInASP4l"},"_chains":{"BXW81iHVx0V36gryh5P0NOdgu2N1+nIH3LB4wVs4cIo/":{"chainKey":{"counter":4,"key":"tymdGmDSnPHL5X9dXJOB93qctNpjZgh64HXqjPjviEU="},"chainType":1,"messageKeys":{}}},"pendingPreKey":{"signedKeyId":14,"baseKey":"Bc2K26ILQ8yJTMYF+eLsqVH/dKSDlGKdHt9uTq7NYpV/","preKeyId":8462867}}},"version":"v1"}