{"_sessions":{"BfQyJMCVpW8IgIywstE9GiFxOR4k29NGDM82WuehJ1hO":{"registrationId":54,"currentRatchet":{"ephemeralKeyPair":{"pubKey":"BTWvxEptc0iv+as9rFypjVCqHtLNsIvrbCT5ups+TYFS","privKey":"2FQUBlFeoka/5bRNJgZisPxNOAGvS6PrgGltfjMGuVw="},"lastRemoteEphemeralKey":"BYnNWRrl1uyoY5GAhzldRJDmE7yLHxRXPmevrdTQD6VV","previousCounter":1,"rootKey":"IiOfsYGAEi7ADbPm0hZ3E42r2UlU4s41qA7sqUht11Q="},"indexInfo":{"baseKey":"BfQyJMCVpW8IgIywstE9GiFxOR4k29NGDM82WuehJ1hO","baseKeyType":2,"closed":-1,"used":1682857101173,"created":1682820060363,"remoteIdentityKey":"BbEv15/j5PgvBk8mJuWDJX6QKpRDvnH4YAVcPGiS9Xhg"},"_chains":{"BQ/0fHkGpjURtRB1Q2e7BCWG1oT3fOR5y30rX8kUfT1h":{"chainKey":{"counter":0},"chainType":2,"messageKeys":{}},"BYnNWRrl1uyoY5GAhzldRJDmE7yLHxRXPmevrdTQD6VV":{"chainKey":{"counter":1,"key":"pjZcYu1W1RdLn0wvFT82VmrW1X+VbIJUYmbtgOJQ9dI="},"chainType":2,"messageKeys":{}},"BTWvxEptc0iv+as9rFypjVCqHtLNsIvrbCT5ups+TYFS":{"chainKey":{"counter":2,"key":"myc7anW8jOnsWknFMEh6t+42eMXTM54oJ8QnTul+ff8="},"chainType":1,"messageKeys":{}}}}},"version":"v1"}