{"_sessions":{"BUUAN5ArIK4SzsuqmkD9tIZIETuV6H11PfkKb9whj1hd":{"registrationId":33,"currentRatchet":{"ephemeralKeyPair":{"pubKey":"BaITS+gQOjjGPq6aZBhLsmCC3gWqmXldzulF/Naunoo7","privKey":"8Oss+v/iqDEgsjW/mZWO+zaDZhfZrS9YD6S6RF0rMVU="},"lastRemoteEphemeralKey":"BcLVYYPulHAPueovg6gcaQTnXzTUfjDCVd2AbXOBKOdv","previousCounter":0,"rootKey":"FEDssej4kyV2yHJqYwsQi8BJxvfEj170sbEfEUSuXuo="},"indexInfo":{"baseKey":"BUUAN5ArIK4SzsuqmkD9tIZIETuV6H11PfkKb9whj1hd","baseKeyType":1,"closed":-1,"used":1682820082268,"created":1682820082268,"remoteIdentityKey":"Bf4kuaxl0DAkxo+OCGvEhtgocKr0GhqXmMzcOO6klQxA"},"_chains":{"BaITS+gQOjjGPq6aZBhLsmCC3gWqmXldzulF/Naunoo7":{"chainKey":{"counter":4,"key":"qJJke2jTDK+kvbTlDvjtQ/54EGzzRO02Hyn8l3TwKcg="},"chainType":1,"messageKeys":{}}},"pendingPreKey":{"signedKeyId":1,"baseKey":"BUUAN5ArIK4SzsuqmkD9tIZIETuV6H11PfkKb9whj1hd"}}},"version":"v1"}