{"_sessions":{"BTXBttFEwK8iAM8iMDbk7zLKf8uC2XKFZE/0NSJhRbIB":{"registrationId":235,"currentRatchet":{"ephemeralKeyPair":{"pubKey":"BYcfqWav32kw4AJdSTYJnAUMka0lOAEE064r2k6aKuZO","privKey":"EELGYavxG5zCywiGiy3qQ4Bn/1nphKxZ0tvzU3XbyF0="},"lastRemoteEphemeralKey":"BVFb1/7au2Lg/K7yzGTU6UCOBriZJdfRYx+xtHGuWUVf","previousCounter":0,"rootKey":"c6MA0A1mcaGxCkNUSyde0wAiOYabNNcN63Ewe3fuBnE="},"indexInfo":{"baseKey":"BTXBttFEwK8iAM8iMDbk7zLKf8uC2XKFZE/0NSJhRbIB","baseKeyType":1,"closed":-1,"used":1682820082373,"created":1682820082373,"remoteIdentityKey":"BSsy2z1oY8GGd1kDAF6t7w0MXixJOPsrzFdv4KH4dLgZ"},"_chains":{"BYcfqWav32kw4AJdSTYJnAUMka0lOAEE064r2k6aKuZO":{"chainKey":{"counter":4,"key":"l45lgvlu3Ry5vJkuZz1bXpBcaVs9eOOItE5gUGebMQk="},"chainType":1,"messageKeys":{}}},"pendingPreKey":{"signedKeyId":1,"baseKey":"BTXBttFEwK8iAM8iMDbk7zLKf8uC2XKFZE/0NSJhRbIB"}}},"version":"v1"}