{"_sessions":{"BUtb8leGuEwPtve2uQyDgnbfSyp2QgMqaqzOLUT1ANsp":{"registrationId":861794355,"currentRatchet":{"ephemeralKeyPair":{"pubKey":"BVVuTG81rwb/TWNp+b0zKfHdOIfPzwEgpXTZ/A8Cu4s0","privKey":"0DJNTruLaDWkEHvTT7WUSju24DIcE1Cbow1aX+Nk20s="},"lastRemoteEphemeralKey":"BWEuEUdIPBOlNxwS5WZPS25jX9BpM5hjY1RSWQXegLAN","previousCounter":0,"rootKey":"lSRQTZzuXhU7yIDZOtygEsc3oCGzbjITqDEA5/TUJjQ="},"indexInfo":{"baseKey":"BUtb8leGuEwPtve2uQyDgnbfSyp2QgMqaqzOLUT1ANsp","baseKeyType":1,"closed":-1,"used":1682820082606,"created":1682820082606,"remoteIdentityKey":"BfXY1CXF5IGhaDW/smuPHcBtZ2TEoaDl34McsPw2FtBl"},"_chains":{"BVVuTG81rwb/TWNp+b0zKfHdOIfPzwEgpXTZ/A8Cu4s0":{"chainKey":{"counter":4,"key":"uNRt/4sb/ykv91fnjRufuxd8YcUGBs6sIMig7nWd8L4="},"chainType":1,"messageKeys":{}}},"pendingPreKey":{"signedKeyId":0,"baseKey":"BUtb8leGuEwPtve2uQyDgnbfSyp2QgMqaqzOLUT1ANsp"}}},"version":"v1"}