{"_sessions":{"BbPVYhW+L760CcoOm/9GPJEfssFKEbcPfR50y60j13FD":{"registrationId":2122439959,"currentRatchet":{"ephemeralKeyPair":{"pubKey":"BbGiUYzcU6hFSCmj3M3+Wg5Y+ym6YUDiIj/IJI4Q3xUs","privKey":"sFma4QMnnYeRyOgbBmOx7t7wuxiPOlNzIhoWmDZ0OnA="},"lastRemoteEphemeralKey":"BSurL5qMngJg5XAfmjSi4zLCMrtLrwZf4k7pqV03ZrMg","previousCounter":0,"rootKey":"vKSfwnE9QhojaMpqVsB5nrTDIVD7Is/uZXCAK4QXd8Y="},"indexInfo":{"baseKey":"BbPVYhW+L760CcoOm/9GPJEfssFKEbcPfR50y60j13FD","baseKeyType":1,"closed":-1,"used":1682820083174,"created":1682820083174,"remoteIdentityKey":"BRnk17Cx6XFzeROIKq5m+c1ToB8b9wbrRyHBgMIrpYZQ"},"_chains":{"BbGiUYzcU6hFSCmj3M3+Wg5Y+ym6YUDiIj/IJI4Q3xUs":{"chainKey":{"counter":4,"key":"b6FFjrdOXcXbf17s3g+WB0X/M4SbKATZFMjiNre+8vI="},"chainType":1,"messageKeys":{}}},"pendingPreKey":{"signedKeyId":1,"baseKey":"BbPVYhW+L760CcoOm/9GPJEfssFKEbcPfR50y60j13FD","preKeyId":8941655}}},"version":"v1"}