{"_sessions":{"BcrsogrlQ9bHKmgFQBxzDByDnpzf7nAd+N081p6aQ2M1":{"registrationId":339600437,"currentRatchet":{"ephemeralKeyPair":{"pubKey":"BW2VZX6wPJArcTdfL44agIUOjhw19yTClkllrkMF/Lwn","privKey":"UMD3EhrqU4dYJSrp4w3EjnF3zSgZJPqxhsqt9/3Y7W8="},"lastRemoteEphemeralKey":"BQH4lIbHaNJmIYQPpXawg00iGgFGKaoxFbqWK+HbNzNj","previousCounter":0,"rootKey":"S0I1aXdbZc6jY14hGqSF4p75Oo2wM63F5lPf2lSZo8Y="},"indexInfo":{"baseKey":"BcrsogrlQ9bHKmgFQBxzDByDnpzf7nAd+N081p6aQ2M1","baseKeyType":1,"closed":-1,"used":1682820082498,"created":1682820082498,"remoteIdentityKey":"BWkZwh+v6/GO9OGFy+iK7UD7PLJO02cpDc381ZCoflc1"},"_chains":{"BW2VZX6wPJArcTdfL44agIUOjhw19yTClkllrkMF/Lwn":{"chainKey":{"counter":4,"key":"8Jhi7mIp9lH7fHLqXdFAnLKDPWujPgEKvTCv3C4IS4k="},"chainType":1,"messageKeys":{}}},"pendingPreKey":{"signedKeyId":1,"baseKey":"BcrsogrlQ9bHKmgFQBxzDByDnpzf7nAd+N081p6aQ2M1"}}},"version":"v1"}