{"_sessions":{"BTnMlX1yiref9w5ok/V3Q3WmDNvxMF7MU++139Q0L+kM":{"registrationId":31853262,"currentRatchet":{"ephemeralKeyPair":{"pubKey":"BRjXJzs5NevyvkvD7jWxMWIHllNrp2BqW7/IOJxTBQ44","privKey":"2LqOI913UL0TID6L/RjGrqd3l8c7dq2NXb3t6wD3k1w="},"lastRemoteEphemeralKey":"BSRzH40qZXECHEyYQ3ACRG/7NkAgZjmFFF5xXpl+9IkX","previousCounter":0,"rootKey":"6kk//Qq30wD+XgCPOBpG3y06ranOl/lr32nYCN3MaWo="},"indexInfo":{"baseKey":"BTnMlX1yiref9w5ok/V3Q3WmDNvxMF7MU++139Q0L+kM","baseKeyType":1,"closed":-1,"used":1682820083252,"created":1682820083252,"remoteIdentityKey":"BVzDdyVXcIFrftrnhGFirJiwWExYLWpLEoDL+jn50xkb"},"_chains":{"BRjXJzs5NevyvkvD7jWxMWIHllNrp2BqW7/IOJxTBQ44":{"chainKey":{"counter":4,"key":"t/+kW17CJuWczPRtHhmGcNZV/t1dWJQbKZNsDdjUUkQ="},"chainType":1,"messageKeys":{}}},"pendingPreKey":{"signedKeyId":2,"baseKey":"BTnMlX1yiref9w5ok/V3Q3WmDNvxMF7MU++139Q0L+kM","preKeyId":13227954}}},"version":"v1"}