{"_sessions":{"BVg5gBmoEjp+iyoRINRqAUAtXIuLvEBGJnM7dC+h/98u":{"registrationId":102,"currentRatchet":{"ephemeralKeyPair":{"pubKey":"Bd18ruHEyNfeldZTOza2ZXHwZlznLfqkBeDHmyIsM84v","privKey":"yAqjuPtstSSYNfTV5PxK9yna8QUJoVYk/LS553Okhlw="},"lastRemoteEphemeralKey":"Ba3+MdNXxob9TYLDFh+9G1+FtLZr8Zo7xSI9J7yPyftn","previousCounter":0,"rootKey":"JTq9ffiBHGlhJdxOnfRSFysL0O7qm6TfPFrMp1+Qs0M="},"indexInfo":{"baseKey":"BVg5gBmoEjp+iyoRINRqAUAtXIuLvEBGJnM7dC+h/98u","baseKeyType":1,"closed":-1,"used":1682820082391,"created":1682820082391,"remoteIdentityKey":"BU/s6fRWlR6Vr3pWb2/0S7BdrBGOeDgF9au4XtPl4Tl1"},"_chains":{"Bd18ruHEyNfeldZTOza2ZXHwZlznLfqkBeDHmyIsM84v":{"chainKey":{"counter":4,"key":"x2WwCh3b1DCPUysZSnk6Mt4SLWr59y+qfIpbsK9i93Y="},"chainType":1,"messageKeys":{}}},"pendingPreKey":{"signedKeyId":1,"baseKey":"BVg5gBmoEjp+iyoRINRqAUAtXIuLvEBGJnM7dC+h/98u"}}},"version":"v1"}