{"_sessions":{"BVvm8C/NhNs8B9oHm4CHEm8jkXWwpb0Omsb+ROgHlZYt":{"registrationId":1605479990,"currentRatchet":{"ephemeralKeyPair":{"pubKey":"BZjMirOh5I4rX1fo0j9Ybiz9ExIMycaV/VlGfO9BxwUk","privKey":"aBxEbjQDJP7t9Qg49kpKgUhvwBmBzPkfkyVEJqRmtEg="},"lastRemoteEphemeralKey":"BZDZnxS59kFhp87PquojiAjLeVon7JVLsMwwyOTLbdEp","previousCounter":0,"rootKey":"tub563SI8fPmyFysTezCUXeQHyxZ8MhUQ+eVmJG6arY="},"indexInfo":{"baseKey":"BVvm8C/NhNs8B9oHm4CHEm8jkXWwpb0Omsb+ROgHlZYt","baseKeyType":1,"closed":-1,"used":1682820082817,"created":1682820082817,"remoteIdentityKey":"BeaF2ts+IcwnqJcwhZJgGxOFFgqgfZqFSu8oZBWBy4xi"},"_chains":{"BZjMirOh5I4rX1fo0j9Ybiz9ExIMycaV/VlGfO9BxwUk":{"chainKey":{"counter":4,"key":"OloOav0EE2bAd/l7BKfdAH2NN2XlAy5nPv9q6KQGfV0="},"chainType":1,"messageKeys":{}}},"pendingPreKey":{"signedKeyId":0,"baseKey":"BVvm8C/NhNs8B9oHm4CHEm8jkXWwpb0Omsb+ROgHlZYt","preKeyId":15147813}}},"version":"v1"}