{"_sessions":{"BfqpLfPy4qgn00FFfn0O6MJKFRdliYiwk5/lRG7IIoxM":{"registrationId":946566720,"currentRatchet":{"ephemeralKeyPair":{"pubKey":"Bf/V5aOZXYzRB6RaSVwT2tvGI83gCyikQRj0k5sP0flV","privKey":"4LX7rmqgDF7Rhu4lSZAmRr/BYiMYPX2UTZG96jgOiGU="},"lastRemoteEphemeralKey":"BRikLSX4D8suCDP9+uHOpX6Zj9uhs0QLkQe2Qk+obxst","previousCounter":0,"rootKey":"A6IcsBXDjraI0B1AA5soCSKSdIMa7Du4Wt8AWuvW00U="},"indexInfo":{"baseKey":"BfqpLfPy4qgn00FFfn0O6MJKFRdliYiwk5/lRG7IIoxM","baseKeyType":1,"closed":-1,"used":1682820082811,"created":1682820082811,"remoteIdentityKey":"BXVWYc+oTRRY0MciCWZfglDRJNqIDiQIU71RqSC8tiFt"},"_chains":{"Bf/V5aOZXYzRB6RaSVwT2tvGI83gCyikQRj0k5sP0flV":{"chainKey":{"counter":4,"key":"mmOXIDnRM3sbLzm2sFGTxtgo0+aJps66DXVd/bb+WUU="},"chainType":1,"messageKeys":{}}},"pendingPreKey":{"signedKeyId":1,"baseKey":"BfqpLfPy4qgn00FFfn0O6MJKFRdliYiwk5/lRG7IIoxM","preKeyId":12601074}}},"version":"v1"}