{"_sessions":{"Bfle7UnK/RDk+JaILOyIZbYMj/rfdP1UbwOPg8R7RhEX":{"registrationId":366884551,"currentRatchet":{"ephemeralKeyPair":{"pubKey":"BY+kJG2VNL12FIVBwZxudHhwllqvFQ8W22eSmNEBRAoo","privKey":"wKE/QXXdCUD3xVK1FYuidKiwvsmbt8dSeiD7QZNoPlI="},"lastRemoteEphemeralKey":"BRDa3UzTNddxxmNh6Q9yl8DkwcTgi8brKxgkxnNP5rh9","previousCounter":0,"rootKey":"n9WrD1KEseQY/sLgNAUtOAY9wkIvcVOVLOkK2X2Bdqc="},"indexInfo":{"baseKey":"Bfle7UnK/RDk+JaILOyIZbYMj/rfdP1UbwOPg8R7RhEX","baseKeyType":1,"closed":-1,"used":1682820083274,"created":1682820083274,"remoteIdentityKey":"BWz5ftkPyL4PVR0gp25GD3SK1G5W3FTUZcnCuc/dpbZb"},"_chains":{"BY+kJG2VNL12FIVBwZxudHhwllqvFQ8W22eSmNEBRAoo":{"chainKey":{"counter":4,"key":"5WKbOn+2ciu8BHSVxYxPYxqgKqSxDKSCL4tTDNnjpco="},"chainType":1,"messageKeys":{}}},"pendingPreKey":{"signedKeyId":7,"baseKey":"Bfle7UnK/RDk+JaILOyIZbYMj/rfdP1UbwOPg8R7RhEX","preKeyId":5092399}}},"version":"v1"}