{"_sessions":{"Bd+axS5xmY0/wS5X8Ug3h7P7TNHPCrxpnjOY+AB2i6gY":{"registrationId":679859213,"currentRatchet":{"ephemeralKeyPair":{"pubKey":"BUpG4keSljkElWqxNexMsurLG0udDsooaj0IOGE2ZXFe","privKey":"QBzDrYH+Vtfz4yTVPmEab8d1vxma87yyAo90lgmyQmM="},"lastRemoteEphemeralKey":"Bem2IFExsEm528iNqKiMutiwTAJ4jLYMBRm1ze/Ng2Vf","previousCounter":1,"rootKey":"kmGjyxF7LfSIbYWWqlq5k5EGFe5H9sY7ViuuZqfe50s="},"indexInfo":{"baseKey":"Bd+axS5xmY0/wS5X8Ug3h7P7TNHPCrxpnjOY+AB2i6gY","baseKeyType":1,"closed":-1,"used":1682857102936,"created":1682820082566,"remoteIdentityKey":"Bc+k1asR7aez8cxw/qYzuDkF0m+GuGCDhs98ja0JHwNP"},"_chains":{"Bem2IFExsEm528iNqKiMutiwTAJ4jLYMBRm1ze/Ng2Vf":{"chainKey":{"counter":1,"key":"FuM9DHzo5P0gocGbqDyeRkjKynBRbd84W59/bVa+cl4="},"chainType":2,"messageKeys":{}},"BUpG4keSljkElWqxNexMsurLG0udDsooaj0IOGE2ZXFe":{"chainKey":{"counter":2,"key":"K+L+z/ZcfdYQXdyXwn0degWpXFHQVGhVgqfX4dtzRgA="},"chainType":1,"messageKeys":{}}}}},"version":"v1"}