{"_sessions":{"BfTsgE0r0sS4md/c223pZiTBjbTep5dn+qaSMqAfR0tb":{"registrationId":123255817,"currentRatchet":{"ephemeralKeyPair":{"pubKey":"BTIiUzUWfOcTyCtZRgJHiZMkvE4StDP+6FYl8Rlr3HED","privKey":"eD9x42pNgZfffYH4HLt+CR8sZH4TNfjMoVWETaoXZ2g="},"lastRemoteEphemeralKey":"BdP6nu1bGKZFCyEioccKwdhIr97ZEOcD68RMt9RjQNZF","previousCounter":0,"rootKey":"df94zck5ONZusMbp0sNVp7rzQ96IKyZeSw/z6vjRzXU="},"indexInfo":{"baseKey":"BfTsgE0r0sS4md/c223pZiTBjbTep5dn+qaSMqAfR0tb","baseKeyType":1,"closed":-1,"used":1682820082838,"created":1682820082838,"remoteIdentityKey":"BXdnZ9FyZncXPDnbK47rvdeRDWv//2Ze6SZkpFLYc7Ug"},"_chains":{"BTIiUzUWfOcTyCtZRgJHiZMkvE4StDP+6FYl8Rlr3HED":{"chainKey":{"counter":4,"key":"z92bNek/Sb7V9f0iaMyhCV/SrfS1Rf5ZNW0M6/E/crw="},"chainType":1,"messageKeys":{}}},"pendingPreKey":{"signedKeyId":0,"baseKey":"BfTsgE0r0sS4md/c223pZiTBjbTep5dn+qaSMqAfR0tb"}}},"version":"v1"}