{"_sessions":{"BUDektq4afOZKBuPESTz33R8Gl8f0/eu/vFrdfI2k6Ne":{"registrationId":1500550167,"currentRatchet":{"ephemeralKeyPair":{"pubKey":"BbzSA3HagSKkSeOegkMN3CHELU3Oq/Sj2jMKNXDUxkJE","privKey":"4NV/yeDs+oDgwWlee5uvmyas1sDRc/5lllzmsQDvDWc="},"lastRemoteEphemeralKey":"BbEtg0OhGcoQrO9MvrFCWhOSdd3CvrrhdeFJHWVEVT8g","previousCounter":1,"rootKey":"cir+YJI3u5VSBKEsEv/xmTrQz0D5LH13VauE6n0h0cI="},"indexInfo":{"baseKey":"BUDektq4afOZKBuPESTz33R8Gl8f0/eu/vFrdfI2k6Ne","baseKeyType":1,"closed":-1,"used":1682821602979,"created":1682820082756,"remoteIdentityKey":"BTvGyivNjJKrmXm7bLGYDj5SW5NW/HPALZUW1ZQhmalR"},"_chains":{"BbEtg0OhGcoQrO9MvrFCWhOSdd3CvrrhdeFJHWVEVT8g":{"chainKey":{"counter":0,"key":"/vmrMa4Q2c+n+DagstkcPhGdatphwkv3m0AjFcGs0+w="},"chainType":2,"messageKeys":{}},"BbzSA3HagSKkSeOegkMN3CHELU3Oq/Sj2jMKNXDUxkJE":{"chainKey":{"counter":2,"key":"fd3+2fccGD5Cs1PcIFiLCxeZaeihP1CtGk1Coi1uoZY="},"chainType":1,"messageKeys":{}}}}},"version":"v1"}