{"_sessions":{"BazelT6aisQriyxGBDIxuA3qwFc8J7Ue2irYwXQwc/sC":{"registrationId":169666538,"currentRatchet":{"ephemeralKeyPair":{"pubKey":"BVSf+BHW+SHHNhN5NtE8wwziFtQEvZPboL9eH2yElFgC","privKey":"UA8ihxSvW7CNFIx2ToKx+iHkTSYv0fJyUbBfTTA5oXo="},"lastRemoteEphemeralKey":"Be92VnsVWSVMIJJno9z7iDU+3NeZrU60D0lCAYWKXvc+","previousCounter":0,"rootKey":"mmT+4jrRU8zb4dzgDpavbu+EmRKRkAQC8RCu+gcb9CY="},"indexInfo":{"baseKey":"BazelT6aisQriyxGBDIxuA3qwFc8J7Ue2irYwXQwc/sC","baseKeyType":1,"closed":-1,"used":1682820082899,"created":1682820082899,"remoteIdentityKey":"BdZ549C1GWXc377HoBGIJYFnoM3u8Eq5t7mhD+CZwEBz"},"_chains":{"BVSf+BHW+SHHNhN5NtE8wwziFtQEvZPboL9eH2yElFgC":{"chainKey":{"counter":4,"key":"vp4FtjvVI1OlSzR2RhpjZISL4KlF296bia/I3QkENzw="},"chainType":1,"messageKeys":{}}},"pendingPreKey":{"signedKeyId":3,"baseKey":"BazelT6aisQriyxGBDIxuA3qwFc8J7Ue2irYwXQwc/sC","preKeyId":6380378}}},"version":"v1"}