{"_sessions":{"BfpY4+fSTfSh7SntnazX9L6jisaxtCaUyUJCVxpr3OdR":{"registrationId":142,"currentRatchet":{"ephemeralKeyPair":{"pubKey":"BeXEIR0a9Eg5OHC1WXlirv1dFvcQX9wPAUnUuAE6WBJF","privKey":"gKRzc5tKrceCGSabsrJOS/EKLXFeNUKDOsZi54N7Tmw="},"lastRemoteEphemeralKey":"BXyAlZ3VXycVH5jv2uqaSiAUVfwsxtIOUFaksoHvAPZG","previousCounter":0,"rootKey":"hJD9erV1EV0g6mgZ9YSSicqxeMepfagn/S7f3iYFhkk="},"indexInfo":{"baseKey":"BfpY4+fSTfSh7SntnazX9L6jisaxtCaUyUJCVxpr3OdR","baseKeyType":1,"closed":-1,"used":1682820082330,"created":1682820082330,"remoteIdentityKey":"BdnOsQoY+gKlYyLcgFFJgsFrL9q+liaL0FgsCslylqI/"},"_chains":{"BeXEIR0a9Eg5OHC1WXlirv1dFvcQX9wPAUnUuAE6WBJF":{"chainKey":{"counter":4,"key":"WPWOriL07BeX14O6/c70dlh8rFFcvYlaUmBC5dmuW94="},"chainType":1,"messageKeys":{}}},"pendingPreKey":{"signedKeyId":1,"baseKey":"BfpY4+fSTfSh7SntnazX9L6jisaxtCaUyUJCVxpr3OdR"}}},"version":"v1"}