{"_sessions":{"BcVFebVMjN5X0Aug5O/9msuaAynNXfYy08U5Yp52gqA9":{"registrationId":780661753,"currentRatchet":{"ephemeralKeyPair":{"pubKey":"BW6Z/HMxTUvsk8ge7SIAfQZU8TWNr89TfkNbeJW8W2gc","privKey":"UJbfZjBKeqY9lR83fGvlPJk/+LwBGfgIh6GaeWeCUkc="},"lastRemoteEphemeralKey":"BSvB97UJu0o/+aa7vs6YWZG/zyKhgBcsvXAVu5S0xC4b","previousCounter":0,"rootKey":"nyl45sMieFl2Im+NRYkJ1VvJKY9W7P21cXcZjkDLIEk="},"indexInfo":{"baseKey":"BcVFebVMjN5X0Aug5O/9msuaAynNXfYy08U5Yp52gqA9","baseKeyType":1,"closed":-1,"used":1682820082797,"created":1682820082797,"remoteIdentityKey":"BRS7XBFxhi8zCxtV6YYyQD1NQ6baJFcVa2eNfgXLog05"},"_chains":{"BW6Z/HMxTUvsk8ge7SIAfQZU8TWNr89TfkNbeJW8W2gc":{"chainKey":{"counter":4,"key":"bYsznNSWtxj2lTjnXvojS/4OJzqkq8zVT/3pGlKRRwM="},"chainType":1,"messageKeys":{}}},"pendingPreKey":{"signedKeyId":0,"baseKey":"BcVFebVMjN5X0Aug5O/9msuaAynNXfYy08U5Yp52gqA9","preKeyId":14525528}}},"version":"v1"}