{"_sessions":{"BRFxunQPI0Kp7bHQHZhGyOjPt7CAlcgrlXCmCQuDN2hS":{"registrationId":20335611,"currentRatchet":{"ephemeralKeyPair":{"pubKey":"BY8DS+zyCDCSN1wuyW+EilgcLJu0hC6p7iZPzU0tUqZQ","privKey":"QJcSB6bHU7KcrX/aN/NWkLRG0KLHsHL81o2jgOQKv10="},"lastRemoteEphemeralKey":"Bb/QVyyaTsjWLqXy5Zg4pHDERkWBLL7MY0cnVWkPCuAS","previousCounter":0,"rootKey":"1iSg6izhotQTtdjESDUE893uK6MsNoFyHUZSneGhrwU="},"indexInfo":{"baseKey":"BRFxunQPI0Kp7bHQHZhGyOjPt7CAlcgrlXCmCQuDN2hS","baseKeyType":1,"closed":1682823082576,"used":1682820083093,"created":1682820083093,"remoteIdentityKey":"BfDAFdE1OHjc+CPvindC9h2kPfJ/JoiCgOtlL5PSDDE/"},"_chains":{"BY8DS+zyCDCSN1wuyW+EilgcLJu0hC6p7iZPzU0tUqZQ":{"chainKey":{"counter":1,"key":"9Xy+v1UznCjwPwo4/NjeKn2WuqDAOs1N2T7mkbDFFKo="},"chainType":1,"messageKeys":{}}},"pendingPreKey":{"signedKeyId":6,"baseKey":"BRFxunQPI0Kp7bHQHZhGyOjPt7CAlcgrlXCmCQuDN2hS","preKeyId":8130227}},"BS7n6JfnLyeYCa3FriJBtSxXUv8z1IS93xSI4Y+TrpZo":{"registrationId":20335611,"currentRatchet":{"ephemeralKeyPair":{"pubKey":"BZEieb2h/Dg/7zJrXij1KV4XIEui0KQKzA1OkI6NDLUm","privKey":"EKQh7eHElHlrL4CwXLaODkNXzgxPDrNw1DFO1xbB73c="},"lastRemoteEphemeralKey":"Bb/QVyyaTsjWLqXy5Zg4pHDERkWBLL7MY0cnVWkPCuAS","previousCounter":0,"rootKey":"AyfjVqVXaO9EfInPBX8FyiWtS5pU22ufjo1oYW5x0OY="},"indexInfo":{"baseKey":"BS7n6JfnLyeYCa3FriJBtSxXUv8z1IS93xSI4Y+TrpZo","baseKeyType":1,"closed":1682857099902,"used":1682823082480,"created":1682823082480,"remoteIdentityKey":"BfDAFdE1OHjc+CPvindC9h2kPfJ/JoiCgOtlL5PSDDE/"},"_chains":{"BZEieb2h/Dg/7zJrXij1KV4XIEui0KQKzA1OkI6NDLUm":{"chainKey":{"counter":-1,"key":"n1FPg8petXl9Ls3nr2v5+3hJWe2hjGaazTTaV22cNaI="},"chainType":1,"messageKeys":{}}},"pendingPreKey":{"signedKeyId":6,"baseKey":"BS7n6JfnLyeYCa3FriJBtSxXUv8z1IS93xSI4Y+TrpZo","preKeyId":8130292}},"BR8iGy9+acTJ6izK+rx5CHyxqpgqBJ8OPQABtcOdR6t8":{"registrationId":20335611,"currentRatchet":{"ephemeralKeyPair":{"pubKey":"BWHok9c4fX9JhMD1rdRqm2Hle4ybY/9/ZRCHYagKMwl2","privKey":"EEpY+C2UfIxOUPmDUTKfXcHPsizLloK3wFSNX+PKGEI="},"lastRemoteEphemeralKey":"Bb/QVyyaTsjWLqXy5Zg4pHDERkWBLL7MY0cnVWkPCuAS","previousCounter":0,"rootKey":"w4NY3jwicffsYVMfRYz3KZ6xZgk4R0cBXQeLQjoevlA="},"indexInfo":{"baseKey":"BR8iGy9+acTJ6izK+rx5CHyxqpgqBJ8OPQABtcOdR6t8","baseKeyType":1,"closed":1682857100326,"used":1682857099836,"created":1682857099836,"remoteIdentityKey":"BfDAFdE1OHjc+CPvindC9h2kPfJ/JoiCgOtlL5PSDDE/"},"_chains":{"BWHok9c4fX9JhMD1rdRqm2Hle4ybY/9/ZRCHYagKMwl2":{"chainKey":{"counter":-1,"key":"gQd/gHgJbJhLMuP1pTJT1UdzkJufKxDKeQ41+1avhBs="},"chainType":1,"messageKeys":{}}},"pendingPreKey":{"signedKeyId":6,"baseKey":"BR8iGy9+acTJ6izK+rx5CHyxqpgqBJ8OPQABtcOdR6t8","preKeyId":8131415}},"BdXHMRRZHgjFQhAJncz8iM5fXKRB2SD1LqPM9axomsAt":{"registrationId":20335611,"currentRatchet":{"ephemeralKeyPair":{"pubKey":"BSe2MB2FhjbcNFjjJZclyplN5My6oBbCGm5o0rUGACcQ","privKey":"MNzga1ABYFJLdot7vJba1C1xk7Eq3rMYjKovYheD4kQ="},"lastRemoteEphemeralKey":"Bb/QVyyaTsjWLqXy5Zg4pHDERkWBLL7MY0cnVWkPCuAS","previousCounter":0,"rootKey":"ey6pdepw2oV6izVfm5aUmwddbp3BNTedchPRqfaUK+g="},"indexInfo":{"baseKey":"BdXHMRRZHgjFQhAJncz8iM5fXKRB2SD1LqPM9axomsAt","baseKeyType":1,"closed":-1,"used":1682857100305,"created":1682857100305,"remoteIdentityKey":"BfDAFdE1OHjc+CPvindC9h2kPfJ/JoiCgOtlL5PSDDE/"},"_chains":{"BSe2MB2FhjbcNFjjJZclyplN5My6oBbCGm5o0rUGACcQ":{"chainKey":{"counter":2,"key":"sVPV1O+GZI98+1vQTm4RUFetPSnS1jEBamOt3f/q+/w="},"chainType":1,"messageKeys":{}}},"pendingPreKey":{"signedKeyId":6,"baseKey":"BdXHMRRZHgjFQhAJncz8iM5fXKRB2SD1LqPM9axomsAt","preKeyId":8131040}}},"version":"v1"}