{"_sessions":{"BRqZisjpTFADE0W9jYu/tBm6pxRUIV0Qkh+ZaMK/Bz9N":{"registrationId":748621227,"currentRatchet":{"ephemeralKeyPair":{"pubKey":"Bbl189NVr3i5UgN7+hPEpR4HXiRRsPvtdq6GnMdnrHgm","privKey":"8AqBXWESwsPmj25xpj6SNOW30+n4lPgaBw3nXHSHk0Y="},"lastRemoteEphemeralKey":"BbTaCdykgHLG/5zH3hHvYuetPT02KWegvUXwBGbcxjpM","previousCounter":0,"rootKey":"ocQioYPFCykEF4+mDqziampC0ftAPbqgw8AvjEv4MGE="},"indexInfo":{"baseKey":"BRqZisjpTFADE0W9jYu/tBm6pxRUIV0Qkh+ZaMK/Bz9N","baseKeyType":1,"closed":-1,"used":1682820082858,"created":1682820082858,"remoteIdentityKey":"BVvsWGswpOJCuqnHMvOSj1Qlj01uTytULLyKDnRJRb8S"},"_chains":{"Bbl189NVr3i5UgN7+hPEpR4HXiRRsPvtdq6GnMdnrHgm":{"chainKey":{"counter":4,"key":"BHxhQEjPk+B/cYRiAMxo8u+wxtnMZwH5HSJ7i4sPwFo="},"chainType":1,"messageKeys":{}}},"pendingPreKey":{"signedKeyId":1,"baseKey":"BRqZisjpTFADE0W9jYu/tBm6pxRUIV0Qkh+ZaMK/Bz9N","preKeyId":7719285}}},"version":"v1"}