{"_sessions":{"BeaA0YAt7JZeKVI4kABRjg8L/dnq2fAmHrA4m5tYrUg4":{"registrationId":1731139228,"currentRatchet":{"ephemeralKeyPair":{"pubKey":"BRcpyfGkkx24bNzdgPbYnHCazv5zZx6Ll1fASTOaqvZx","privKey":"cO929Zx+us0Mr7poUslPxjs0iFUEJVeaJbBDKKf/h08="},"lastRemoteEphemeralKey":"Bd+U3VSMjsUJDXqGbSWlb/CDac/EYe2j7/bfSSpdZ35p","previousCounter":0,"rootKey":"qykJnSjbszoEOyL0wZYYjnx3k/SM6l+i0IdChmJ5Tfc="},"indexInfo":{"baseKey":"BeaA0YAt7JZeKVI4kABRjg8L/dnq2fAmHrA4m5tYrUg4","baseKeyType":1,"closed":-1,"used":1682820083303,"created":1682820083303,"remoteIdentityKey":"BWkW4joUuD1MztSr5+IjpRQ4KinuHAUGAUbmqlU38F1y"},"_chains":{"BRcpyfGkkx24bNzdgPbYnHCazv5zZx6Ll1fASTOaqvZx":{"chainKey":{"counter":4,"key":"a5X8UaX/i+UrWQ9tJpZyi3PY5bHH4QYL9LMaFyx72uU="},"chainType":1,"messageKeys":{}}},"pendingPreKey":{"signedKeyId":9,"baseKey":"BeaA0YAt7JZeKVI4kABRjg8L/dnq2fAmHrA4m5tYrUg4","preKeyId":8554545}}},"version":"v1"}