{"_sessions":{"BXEDN2+za07RJz81GN9uXGcuh6XY9iQMrnrBtL9J64JS":{"registrationId":1010930976,"currentRatchet":{"ephemeralKeyPair":{"pubKey":"BaZCcOIZCjfcsxkRk5TANyCEaM82szQYwoHAhrNQLhU+","privKey":"kASIG3fTh2FbkaUbFBNZsOEyGzbTxtcoAhYjWt0ZXWs="},"lastRemoteEphemeralKey":"BRT4Q48OKwVcJNo2HUzbJozRCWZir2kFQrApVGJu/8Un","previousCounter":1,"rootKey":"NXUVXpJuLbHmMXUZErcebHV4fc1r6pOtb7khaiU5GM0="},"indexInfo":{"baseKey":"BXEDN2+za07RJz81GN9uXGcuh6XY9iQMrnrBtL9J64JS","baseKeyType":1,"closed":-1,"used":1682857103444,"created":1682820083074,"remoteIdentityKey":"BSqQCCSxiz/TnhXltNzWzGESu5vSmuVGRT8CnecHj28k"},"_chains":{"BRT4Q48OKwVcJNo2HUzbJozRCWZir2kFQrApVGJu/8Un":{"chainKey":{"counter":2,"key":"jpPKXr1KeFNuDdNxFkwKivRnFsKOv8jUCcrtsUyyT68="},"chainType":2,"messageKeys":{}},"BaZCcOIZCjfcsxkRk5TANyCEaM82szQYwoHAhrNQLhU+":{"chainKey":{"counter":2,"key":"t5KxyPHmW2Pjn9XGY+K6yQOWSRI5J3jz1c1mDVSiaG8="},"chainType":1,"messageKeys":{}}}}},"version":"v1"}