{"_sessions":{"BUMpYq1fs71EjTRPbShFLzzSLezam5JzKONbV9X7VuoW":{"registrationId":469186328,"currentRatchet":{"ephemeralKeyPair":{"pubKey":"BSPMlMFNrH+SYagUfG8SQUlo9UdJU8w2+fiI1tD3UXoz","privKey":"WAZaaaHR/hvTLInk2qycgsjKle+xH2syhxKh5X2W7WI="},"lastRemoteEphemeralKey":"BTVuKc9X9rv3BK4OozJrJ+w7gBlpbliJ5yZH4EPuYHpp","previousCounter":0,"rootKey":"ZaYIMk7J/iCZc14s+W5tKhakfWfcSj19IijWouY7ano="},"indexInfo":{"baseKey":"BUMpYq1fs71EjTRPbShFLzzSLezam5JzKONbV9X7VuoW","baseKeyType":1,"closed":-1,"used":1682820082252,"created":1682820082252,"remoteIdentityKey":"BXQ5ZLZc+fKEZAv5j34Y419aGAUTKVGtrD3UZ+p1aRh2"},"_chains":{"BSPMlMFNrH+SYagUfG8SQUlo9UdJU8w2+fiI1tD3UXoz":{"chainKey":{"counter":4,"key":"ySjNI1rsTFFEV+hCjAkCsQuRs+mvugK40DNmAuRCqEQ="},"chainType":1,"messageKeys":{}}},"pendingPreKey":{"signedKeyId":1,"baseKey":"BUMpYq1fs71EjTRPbShFLzzSLezam5JzKONbV9X7VuoW"}}},"version":"v1"}