{"_sessions":{"BRxSc6Iv11XLDDpDCh8jvXbHETblOgxfsD+SbE3UAdQf":{"registrationId":56,"currentRatchet":{"ephemeralKeyPair":{"pubKey":"BR0zlVi43TMKNnle+QWjECJrL16WUgsOSsrQ8y6cBBQm","privKey":"8GwRXTG7epyws9CKQWM4KvoG3tqlSIlRTSIRdJs4xW4="},"lastRemoteEphemeralKey":"BYBfnpneUhsXyjXy4oAsnb4EF+RivxJ2QENwsezuJAsq","previousCounter":0,"rootKey":"S3nLTcfBBgUk0QVUrjpiS3unW10FO86OQ0bI/xRvV5c="},"indexInfo":{"baseKey":"BRxSc6Iv11XLDDpDCh8jvXbHETblOgxfsD+SbE3UAdQf","baseKeyType":1,"closed":-1,"used":1682820082385,"created":1682820082385,"remoteIdentityKey":"Bfrqrmx+/cre/YAWFQtkQzYnoKtNGvXcliZxNxZZz5Er"},"_chains":{"BR0zlVi43TMKNnle+QWjECJrL16WUgsOSsrQ8y6cBBQm":{"chainKey":{"counter":4,"key":"xpOhnpVpd9K8RzwIYP8b7Xvgt1kD2IO4O1ybdcWgr5I="},"chainType":1,"messageKeys":{}}},"pendingPreKey":{"signedKeyId":1,"baseKey":"BRxSc6Iv11XLDDpDCh8jvXbHETblOgxfsD+SbE3UAdQf"}}},"version":"v1"}