{"_sessions":{"BRzwgxcDry7nJkTONuj7Obws5APH4n0i1dHCbx/63f5K":{"registrationId":180,"currentRatchet":{"ephemeralKeyPair":{"pubKey":"BZYA8EKeCSHeWevx+e0p+XzJHMvHWh0XMGyuaCNly/dQ","privKey":"UH/fCIwxBwJ1UTEDpOyEBJAtbesPQTHcMFWuOl2ta38="},"lastRemoteEphemeralKey":"Bc7XWSepl7a7ZXDWf+hSm+NU/nPfGxMl8KXZstLjsbRV","previousCounter":0,"rootKey":"7rZrAutHpAzWDG5efJIeFf3GTdjZgKm54Hz6OBUQA4o="},"indexInfo":{"baseKey":"BRzwgxcDry7nJkTONuj7Obws5APH4n0i1dHCbx/63f5K","baseKeyType":1,"closed":-1,"used":1682820082379,"created":1682820082379,"remoteIdentityKey":"BVZHFA5ZQAKSAuGKPJwBc1vVrchuMWTJL8o2riOxxk1O"},"_chains":{"BZYA8EKeCSHeWevx+e0p+XzJHMvHWh0XMGyuaCNly/dQ":{"chainKey":{"counter":4,"key":"Afoc/ig8B7TGk+DuFwslA5PbnEcxz60FYCy93RqlvWA="},"chainType":1,"messageKeys":{}}},"pendingPreKey":{"signedKeyId":1,"baseKey":"BRzwgxcDry7nJkTONuj7Obws5APH4n0i1dHCbx/63f5K"}}},"version":"v1"}