{"_sessions":{"BQnPh2DiEr54/cKywZGOAtq7S8RpIKEC/tTS7M/GHC0V":{"registrationId":665188994,"currentRatchet":{"ephemeralKeyPair":{"pubKey":"BT1QPDiA59jh7q4ogu67n5ny3wPaYn/vd5uhQpcwgYZc","privKey":"eGVWwOcnePSxEEeniXrpzhGwet4nbxIbWH2ek8j9SX8="},"lastRemoteEphemeralKey":"Bdmx1Cekq+FYFpSStjKMSbMYlifAmsjQDcGvrLL/c/dy","previousCounter":0,"rootKey":"O0G9fPVlN7VlXI9wH7dML4IJlAftfv4coX+gUEiGs8Y="},"indexInfo":{"baseKey":"BQnPh2DiEr54/cKywZGOAtq7S8RpIKEC/tTS7M/GHC0V","baseKeyType":1,"closed":-1,"used":1682820082456,"created":1682820082456,"remoteIdentityKey":"BU9zhZxhc6Azq7C4al4ffLPryrw/dPZytt2/W50nV31+"},"_chains":{"BT1QPDiA59jh7q4ogu67n5ny3wPaYn/vd5uhQpcwgYZc":{"chainKey":{"counter":4,"key":"o6GQSuqRYiwlq3JDdeqb9oHVFrbr86Em47NGb9KB3QQ="},"chainType":1,"messageKeys":{}}},"pendingPreKey":{"signedKeyId":1,"baseKey":"BQnPh2DiEr54/cKywZGOAtq7S8RpIKEC/tTS7M/GHC0V","preKeyId":4147545}}},"version":"v1"}