{"_sessions":{"BY4WuiAAyR/n902oz3/nXTh3ZIOQaywOnwsY/Wc/rnxp":{"registrationId":1406647092,"currentRatchet":{"ephemeralKeyPair":{"pubKey":"BR6xEDUNRGXZYeRkmXdjHUn9KGghw3wY+rbyzOnOeDcu","privKey":"CFadwk2ds11Op7piVLDPVuWN/zgouZtcTv7TggJcyX4="},"lastRemoteEphemeralKey":"BdnkCgGl9VybH42gkcEPZ0uEYe4Fsdbh5eiskpPzEKR2","previousCounter":0,"rootKey":"0hhBOdnDMVRVI2a7TGEe4++qvYVEWecEUqBYuoKGYuI="},"indexInfo":{"baseKey":"BY4WuiAAyR/n902oz3/nXTh3ZIOQaywOnwsY/Wc/rnxp","baseKeyType":1,"closed":-1,"used":1682820082638,"created":1682820082638,"remoteIdentityKey":"BTSMM5BUDKivKTiWxlih4APLiz9GG0FkcgLVhoT9qtk3"},"_chains":{"BR6xEDUNRGXZYeRkmXdjHUn9KGghw3wY+rbyzOnOeDcu":{"chainKey":{"counter":4,"key":"9kTFdgqT6iaUopVSFnFT7j7P052YNt9Zir4FtHZkUQo="},"chainType":1,"messageKeys":{}}},"pendingPreKey":{"signedKeyId":9,"baseKey":"BY4WuiAAyR/n902oz3/nXTh3ZIOQaywOnwsY/Wc/rnxp","preKeyId":16200593}}},"version":"v1"}