{"_sessions":{"BYz+F2Ar1UGQ7JGPqoWqPAC3N4DnzkFHnWRdFE9eD98j":{"registrationId":1250230247,"currentRatchet":{"ephemeralKeyPair":{"pubKey":"BUAG2HlUFa+0XiOyTyiJkCxkL09ft0hutt4HAba9L+90","privKey":"uN5WR4I8d/fhkqzksWUWTEHxBnajRiqUOkFwrc+gn10="},"lastRemoteEphemeralKey":"Be1DPO51UlbKr0tN+bC9Vhztq+jSNCWsqYY6NRohjIAA","previousCounter":0,"rootKey":"D53SeHAfAi97VK5SLGMW3n2gA4ZlpBBisj9aUrDur8E="},"indexInfo":{"baseKey":"BYz+F2Ar1UGQ7JGPqoWqPAC3N4DnzkFHnWRdFE9eD98j","baseKeyType":1,"closed":-1,"used":1682820082960,"created":1682820082960,"remoteIdentityKey":"BbxECCO1HupXHBBohz3RlpOs+48B3QnX8CbCs58uehhH"},"_chains":{"BUAG2HlUFa+0XiOyTyiJkCxkL09ft0hutt4HAba9L+90":{"chainKey":{"counter":4,"key":"8vjbrmfmra8OdXce/YXsZFO0onvhVhxgDx6/ADuyv9I="},"chainType":1,"messageKeys":{}}},"pendingPreKey":{"signedKeyId":1,"baseKey":"BYz+F2Ar1UGQ7JGPqoWqPAC3N4DnzkFHnWRdFE9eD98j","preKeyId":10922601}}},"version":"v1"}