{"_sessions":{"BSehXmEakjVcUfAsYhWJ0CUKqjuAjOSeuO++7q9refVe":{"registrationId":212,"currentRatchet":{"ephemeralKeyPair":{"pubKey":"Bcnw3OIsXjxic5I0neE6fBYc528aLnhA0sVLPTscpxUs","privKey":"CF8bPiAf1Wfs6mNE/Ns7VrrOL60g+38x9bC+rD5IVl4="},"lastRemoteEphemeralKey":"BYSGj+wMRBdG74f7PtcveOSu1xhd4sTDFUExp4NmFNR4","previousCounter":0,"rootKey":"HAKTBYqzaFQ/jiaK/sTiTHr+KKP665y72z4ynW0Scm4="},"indexInfo":{"baseKey":"BSehXmEakjVcUfAsYhWJ0CUKqjuAjOSeuO++7q9refVe","baseKeyType":1,"closed":-1,"used":1682820082403,"created":1682820082403,"remoteIdentityKey":"BfioaCEtKZkTXHDSG29a1IH9HELZ/HpsSjrDoB6LfDMY"},"_chains":{"Bcnw3OIsXjxic5I0neE6fBYc528aLnhA0sVLPTscpxUs":{"chainKey":{"counter":4,"key":"b1CpLi3hIlEK1+r1Z3xFNohcEMX3xpuI7ia6rqJWnz0="},"chainType":1,"messageKeys":{}}},"pendingPreKey":{"signedKeyId":1,"baseKey":"BSehXmEakjVcUfAsYhWJ0CUKqjuAjOSeuO++7q9refVe"}}},"version":"v1"}