{"_sessions":{"BbOJfhZjTB5mVdm4r14o2wy8z6lBY7FWubXXc7ckuU9G":{"registrationId":1148163080,"currentRatchet":{"ephemeralKeyPair":{"pubKey":"BabINbgrgoztfavUJR/D4/u3l45YiDtNGdJdq+XEhLFt","privKey":"mA6THDhisPB5eqvIiKEKcZIGPEpPUKoL/j6ILiMQNUY="},"lastRemoteEphemeralKey":"BYU/tZ88ggeat19cfO6OdXHchS5UKZoPVdt9o/z1dmVv","previousCounter":0,"rootKey":"4uUIdf/tQdaCMJ7t53aTu5IlZNKEPrJUJS6mxPVd6h4="},"indexInfo":{"baseKey":"BbOJfhZjTB5mVdm4r14o2wy8z6lBY7FWubXXc7ckuU9G","baseKeyType":1,"closed":-1,"used":1682820083145,"created":1682820083145,"remoteIdentityKey":"BZ2uPKc6yXaFj7ymsHZh2WOVZk7LVsVAG8VW4ycZN2t2"},"_chains":{"BabINbgrgoztfavUJR/D4/u3l45YiDtNGdJdq+XEhLFt":{"chainKey":{"counter":4,"key":"uBEbr22EHyu4mH2Uf3qWVU6ZrxHlEvKdX/Mkx8knQNU="},"chainType":1,"messageKeys":{}}},"pendingPreKey":{"signedKeyId":22,"baseKey":"BbOJfhZjTB5mVdm4r14o2wy8z6lBY7FWubXXc7ckuU9G","preKeyId":4484734}}},"version":"v1"}