{"_sessions":{"BZLXWuLbgRQBb/aQr5awBjtagprQ9D5zqcndTc9/IiIu":{"registrationId":7456,"currentRatchet":{"ephemeralKeyPair":{"pubKey":"BQ3TImQ2cjlHqXBg+V+ODWJYmlZvm01JmV6zwesY0zZB","privKey":"WOvld9utKBqx1tlPg0gHOougebqE91vOO4xvS29slEc="},"lastRemoteEphemeralKey":"BS40UDd3rZNCGVHbpQUQj1lOUoSEexDfrn98xaugX31+","previousCounter":0,"rootKey":"178gugY2FiWBdu45J1lB/WZyizfoYqM4YwUzefpi5v0="},"indexInfo":{"baseKey":"BZLXWuLbgRQBb/aQr5awBjtagprQ9D5zqcndTc9/IiIu","baseKeyType":1,"closed":-1,"used":1682820082355,"created":1682820082355,"remoteIdentityKey":"BbOZU5hrmzA7hRtq+l1HWd0d85Hvggl05gz73I9VtHMO"},"_chains":{"BQ3TImQ2cjlHqXBg+V+ODWJYmlZvm01JmV6zwesY0zZB":{"chainKey":{"counter":4,"key":"OaF/R2X+RqxG9zaxbCn9ADWkRwq/olGN4Dk173ytUGQ="},"chainType":1,"messageKeys":{}}},"pendingPreKey":{"signedKeyId":1,"baseKey":"BZLXWuLbgRQBb/aQr5awBjtagprQ9D5zqcndTc9/IiIu"}}},"version":"v1"}