{"_sessions":{"BYA6cjSaQ7ZzJQgCLVvfq1WJFD25+IcUukwk3vM+2iID":{"registrationId":503421711,"currentRatchet":{"ephemeralKeyPair":{"pubKey":"BXpdMdnbx2oPJXMG0pPPKcTWJSS62/QiCMrYj6OOZiw1","privKey":"aDJNJ+om6qRR+MqTQ0aEx35idALJ/7yClH1Wj084OUc="},"lastRemoteEphemeralKey":"BVePxVewvN/XuojitXZLaAVT48/jSHd3xXUHJTlLxBgO","previousCounter":0,"rootKey":"6JuVlvpMLllli7H53Zvp1pzjacs1Gev2vSwu3wGQkYA="},"indexInfo":{"baseKey":"BYA6cjSaQ7ZzJQgCLVvfq1WJFD25+IcUukwk3vM+2iID","baseKeyType":1,"closed":-1,"used":1682820083000,"created":1682820083000,"remoteIdentityKey":"Bd70svJ8FOjsmBGOZv8U4oofAWVt8xnXTD5eM/RD/bNg"},"_chains":{"BXpdMdnbx2oPJXMG0pPPKcTWJSS62/QiCMrYj6OOZiw1":{"chainKey":{"counter":4,"key":"sED1cehy8Mupwh1pGMFWZ9Lv96N28ZLqw+bYLEYG4Wg="},"chainType":1,"messageKeys":{}}},"pendingPreKey":{"signedKeyId":3,"baseKey":"BYA6cjSaQ7ZzJQgCLVvfq1WJFD25+IcUukwk3vM+2iID","preKeyId":16556264}}},"version":"v1"}