{"_sessions":{"BcHEyfDcg2OACSCm+3KBqX284l1D1zEWK0PT+P5NQ0sZ":{"registrationId":576019655,"currentRatchet":{"ephemeralKeyPair":{"pubKey":"BYQhO4y/6nIBqBJTodbDNIOiYqGm2wuibW2p7puwQWkW","privKey":"qHHOrM7w0tn/Pu+WCIlPW7tXlyHRSzSc4V565BAGKWo="},"lastRemoteEphemeralKey":"BY4+4XJldAk5QcKiarKDwnEdboh2CMBAx6SgBPlSkd0x","previousCounter":0,"rootKey":"5PgXYA/qwqYjK63sujdV+XPZHuDzjWQnol2Zz51ccH8="},"indexInfo":{"baseKey":"BcHEyfDcg2OACSCm+3KBqX284l1D1zEWK0PT+P5NQ0sZ","baseKeyType":1,"closed":-1,"used":1682820082932,"created":1682820082932,"remoteIdentityKey":"BW84DKfYU9PwvyVN/G1Hi0UYvHE+/lZNwciJVaY8rGN7"},"_chains":{"BYQhO4y/6nIBqBJTodbDNIOiYqGm2wuibW2p7puwQWkW":{"chainKey":{"counter":4,"key":"rN61w5PtquzLxf1VIz2q9oJJwoDHv1DwE9A/zptuCrE="},"chainType":1,"messageKeys":{}}},"pendingPreKey":{"signedKeyId":2,"baseKey":"BcHEyfDcg2OACSCm+3KBqX284l1D1zEWK0PT+P5NQ0sZ","preKeyId":12511206}}},"version":"v1"}