{"_sessions":{"BYw44Nnp5vUkXJ9IrKuVEdlALLmrYroHzq8qN+/90CAQ":{"registrationId":919565505,"currentRatchet":{"ephemeralKeyPair":{"pubKey":"BTvDmwlHQ2eXj5585M+hdBLm9rg7UYH56QjYw27TOiMs","privKey":"0P2j/tiAsFvT0s9wkJNrniC2i1YoOVCg/P4RjQiTfUg="},"lastRemoteEphemeralKey":"BbgoVZrETXwO3dqTRS+wVZgwBFQGCbWtdfLvH1iX5SZM","previousCounter":0,"rootKey":"qOH8djMIiIDzyVVYrmaTJ35FEXda0s/CTljXIVOxM10="},"indexInfo":{"baseKey":"BYw44Nnp5vUkXJ9IrKuVEdlALLmrYroHzq8qN+/90CAQ","baseKeyType":1,"closed":-1,"used":1682820082526,"created":1682820082526,"remoteIdentityKey":"BaFPuXjswUsJ9rp9bRs/bj0d1kbx2YpUtAPJ8u/t+RdJ"},"_chains":{"BTvDmwlHQ2eXj5585M+hdBLm9rg7UYH56QjYw27TOiMs":{"chainKey":{"counter":4,"key":"51d2511qqoNjwPUBj/XhP3VRtiuHGMWnruAixCMDuTg="},"chainType":1,"messageKeys":{}}},"pendingPreKey":{"signedKeyId":0,"baseKey":"BYw44Nnp5vUkXJ9IrKuVEdlALLmrYroHzq8qN+/90CAQ","preKeyId":3526376}}},"version":"v1"}