{"_sessions":{"BVYXtAe8bZXKUOMrXekR6WV2jANUVhqqKa/i/9krHsQl":{"registrationId":257868008,"currentRatchet":{"ephemeralKeyPair":{"pubKey":"BWf0qlD4UQTSFOWmUVMKYw5LQ0Vb2Ux2kRoGoImFw/Ep","privKey":"2GnpwuW4Vj/lu1+mf1IHOwhGL3MIZRYZT+/mWVxZcG8="},"lastRemoteEphemeralKey":"BdrRpAXMxo1sce1O0is7RPPhtsS4m2Goj2XqbDoMYEgi","previousCounter":0,"rootKey":"9imm5zI3bBe8bxXLKd62ogWPugLkXU+F1XXo8c4R4rg="},"indexInfo":{"baseKey":"BVYXtAe8bZXKUOMrXekR6WV2jANUVhqqKa/i/9krHsQl","baseKeyType":1,"closed":-1,"used":1682820083115,"created":1682820083115,"remoteIdentityKey":"BdHLfej2y5dN6rbLeferNFwsyPL1wLW6vOyfOzfdfaw3"},"_chains":{"BWf0qlD4UQTSFOWmUVMKYw5LQ0Vb2Ux2kRoGoImFw/Ep":{"chainKey":{"counter":4,"key":"atKq3y5VM17xgC3kAH76TL2he4JUQ8rgEFsdYLPCTFk="},"chainType":1,"messageKeys":{}}},"pendingPreKey":{"signedKeyId":0,"baseKey":"BVYXtAe8bZXKUOMrXekR6WV2jANUVhqqKa/i/9krHsQl"}}},"version":"v1"}