{"_sessions":{"BRuS96R220SA6oJP1ua5H7bReFc9gTefWK46jmszJwoU":{"registrationId":117582920,"currentRatchet":{"ephemeralKeyPair":{"pubKey":"BXJno0tAcI5LKIOJ9L2wpuD9tYSp1oKV26blXHVUcS9x","privKey":"AHgsw6O0jgYzGjaf//AjhtgUh2R1N2UoZIMvAcpH5FY="},"lastRemoteEphemeralKey":"BdBHE9Da3a8Nbpv9WX62LJ9LLuqlS4XL5fGjqsfUwy1x","previousCounter":0,"rootKey":"BkKNhJlIIMNCFgZ7kN7HNbvPMbdRax+SyFdNBQpEpKA="},"indexInfo":{"baseKey":"BRuS96R220SA6oJP1ua5H7bReFc9gTefWK46jmszJwoU","baseKeyType":1,"closed":-1,"used":1682820082885,"created":1682820082885,"remoteIdentityKey":"BfiyZjB1Fcj8kZrAEiB04s/CatMhxw+sLVOk+6IvG2Na"},"_chains":{"BXJno0tAcI5LKIOJ9L2wpuD9tYSp1oKV26blXHVUcS9x":{"chainKey":{"counter":4,"key":"mEi39Osq5zJ0prMQZU0ftfIr5NEl/DP2Mtu25YkAzWk="},"chainType":1,"messageKeys":{}}},"pendingPreKey":{"signedKeyId":0,"baseKey":"BRuS96R220SA6oJP1ua5H7bReFc9gTefWK46jmszJwoU","preKeyId":2596984}}},"version":"v1"}