{"_sessions":{"BQvowyTfUU5VkxE2JTKSt7vcepQ9EElnv1pGpPNgR2ZD":{"registrationId":493481633,"currentRatchet":{"ephemeralKeyPair":{"pubKey":"BemLEDKePqJZ0WoEBty6iAztozL6hoyNjqfEtC2evooR","privKey":"ONDnEyv9DUczhH/7buPKxdN0a2PwDc6Pgb3zrI1Sdlw="},"lastRemoteEphemeralKey":"BS902cWQ1lVkY7gxtbiXKJHfjy0XIdiTtarbme8VijNm","previousCounter":0,"rootKey":"mGYxAMfMAC8y8XZbuIAWsjf3fPnqXOc2XPecC/dA6P0="},"indexInfo":{"baseKey":"BQvowyTfUU5VkxE2JTKSt7vcepQ9EElnv1pGpPNgR2ZD","baseKeyType":1,"closed":-1,"used":1682820082670,"created":1682820082670,"remoteIdentityKey":"BSdfkH2lPCJz2k6hZm7S+bhcaY+yrkYcxpEO5E51Eph6"},"_chains":{"BemLEDKePqJZ0WoEBty6iAztozL6hoyNjqfEtC2evooR":{"chainKey":{"counter":4,"key":"yMtdw2yw6qeDOIhtPF6VtlYjXmzo6dTEGXIVMgKiN6c="},"chainType":1,"messageKeys":{}}},"pendingPreKey":{"signedKeyId":0,"baseKey":"BQvowyTfUU5VkxE2JTKSt7vcepQ9EElnv1pGpPNgR2ZD","preKeyId":6094552}}},"version":"v1"}