{"_sessions":{"BWuatkl2qcthXN3xyQqNVPcnzLyOkNG/SQEeuybRUEQ7":{"registrationId":1388818234,"currentRatchet":{"ephemeralKeyPair":{"pubKey":"BYhTszukerkqxt0jHDkF5xkuIMETS3vkkGJTGhx0fAxX","privKey":"UEfvvb1I1Z7pAnLBxFMXPJmUsgXHUBiE1EQfQMGRT0w="},"lastRemoteEphemeralKey":"BShp9Ku0yPXJqouvNKUZjqxHG7rT8MXSpLcuSOvIrANr","previousCounter":1,"rootKey":"FPGclDejbhw4LicB2tj85qOnyOmhOu2+TG8m4iGBfmY="},"indexInfo":{"baseKey":"BWuatkl2qcthXN3xyQqNVPcnzLyOkNG/SQEeuybRUEQ7","baseKeyType":1,"closed":-1,"used":1682857105702,"created":1682820082892,"remoteIdentityKey":"BXQC+d+cD9OdnnYxgfDF2k5nnHbAtJEYfH+thPOBHt4i"},"_chains":{"BShp9Ku0yPXJqouvNKUZjqxHG7rT8MXSpLcuSOvIrANr":{"chainKey":{"counter":1,"key":"pyNDuEdxa6idCH5zivKXoIehQ6eiTiFR/U42Djm0b98="},"chainType":2,"messageKeys":{}},"BYhTszukerkqxt0jHDkF5xkuIMETS3vkkGJTGhx0fAxX":{"chainKey":{"counter":2,"key":"XYRIcNNjeJZdCD7thtuAg0orWreYjEEGlmTOaIXmyIM="},"chainType":1,"messageKeys":{}}}}},"version":"v1"}