{"_sessions":{"BV8XZ61Ld/7iycSk4mbpIHojETc7OrzgrAkn+7Y1bbsJ":{"registrationId":1921550859,"currentRatchet":{"ephemeralKeyPair":{"pubKey":"BTPmrmSwAeCxYe9EFzPmuCIpufEUBwH9ERYJ3OpXm249","privKey":"UCJcE1a4MKN6PDr8y6ReZIdQQBR4vF0j5+utUbT7iGA="},"lastRemoteEphemeralKey":"Bbqkh+Hcrr59WCP6NcMI2L4C/pNhlsEu55eUwHpAoecr","previousCounter":0,"rootKey":"vhBvfApmwEpfYXJ6Wp7ghcj7tcOpbSIh9i0xkunZbHU="},"indexInfo":{"baseKey":"BV8XZ61Ld/7iycSk4mbpIHojETc7OrzgrAkn+7Y1bbsJ","baseKeyType":1,"closed":-1,"used":1682820082774,"created":1682820082774,"remoteIdentityKey":"Bf7z2YEnBD87hb4fdIMwGdvoblz5rHZyzQiuANo9gnRa"},"_chains":{"BTPmrmSwAeCxYe9EFzPmuCIpufEUBwH9ERYJ3OpXm249":{"chainKey":{"counter":4,"key":"bO/7vwZMF3vlaJQZAGlAMfSRzKfs0AfYCNqRBPiLrIs="},"chainType":1,"messageKeys":{}}},"pendingPreKey":{"signedKeyId":2,"baseKey":"BV8XZ61Ld/7iycSk4mbpIHojETc7OrzgrAkn+7Y1bbsJ","preKeyId":2077747}}},"version":"v1"}