{"_sessions":{"BcnYEAriYmIF9E300XKzsCV2vTDntjI/fkvZY0dFLrIu":{"registrationId":49,"currentRatchet":{"ephemeralKeyPair":{"pubKey":"BQ2PUulNwcSjh/goFiAvosGmMUrXm/eaT9/wsu1mkmdL","privKey":"ANm3AKxDRJZUDPEmCwqF3K6s3T1GGlHRaqlyQRbZDGg="},"lastRemoteEphemeralKey":"BZbRSfijEqidlmErmXMOi5r4EwN/ogYYNNHs2dOOdBBY","previousCounter":1,"rootKey":"k2ulwdX7zu3fwBEqvOKd+vrKLgLDK6agy7XIE8C9rb8="},"indexInfo":{"baseKey":"BcnYEAriYmIF9E300XKzsCV2vTDntjI/fkvZY0dFLrIu","baseKeyType":2,"closed":-1,"used":1682857103819,"created":1682820073828,"remoteIdentityKey":"Bdi4G55EjEgzNpMn/jJTroIRwMwWn8oO20k3htK4xVFb"},"_chains":{"BeMu1Wc+m/HwH67aAg7iT40vlBQLUxSrZtJJ9LAz6wMB":{"chainKey":{"counter":0},"chainType":2,"messageKeys":{}},"BZbRSfijEqidlmErmXMOi5r4EwN/ogYYNNHs2dOOdBBY":{"chainKey":{"counter":1,"key":"jJ4lIVTOmLs8ChE8ZpOm/jSZoGXv2ArXtIb5Ykc0Wds="},"chainType":2,"messageKeys":{}},"BQ2PUulNwcSjh/goFiAvosGmMUrXm/eaT9/wsu1mkmdL":{"chainKey":{"counter":2,"key":"H/959+e86gLAFK7KXrmYOq1ff9AW8Nz8Sis/YDlHNzw="},"chainType":1,"messageKeys":{}}}}},"version":"v1"}