{"_sessions":{"BQFkYSpsQeWpHnUp/0cII89AVHVnouw1KeO0TqgdppNG":{"registrationId":828744286,"currentRatchet":{"ephemeralKeyPair":{"pubKey":"Bf8EZV0pZXyDXGVmpHCMD9gGGVzQasdo60kk9AJ/U21q","privKey":"EC8vW/vSsad8Jh0c5B7oXJGM56ewOmGcQFZqFqyJjXg="},"lastRemoteEphemeralKey":"Be7ZXZwqorrvnUJhzbjsOFnv9RyTdklaZxPBzS0FP6ln","previousCounter":0,"rootKey":"mjGn7prxc1L5owDiPmuPcN0GiPJddzxZmQ5z/xF/F/o="},"indexInfo":{"baseKey":"BQFkYSpsQeWpHnUp/0cII89AVHVnouw1KeO0TqgdppNG","baseKeyType":1,"closed":-1,"used":1682820083280,"created":1682820083280,"remoteIdentityKey":"BaMnD6rYFQJLLk6dDW+exCeC5T1PoX/TW716UFBVJTBz"},"_chains":{"Bf8EZV0pZXyDXGVmpHCMD9gGGVzQasdo60kk9AJ/U21q":{"chainKey":{"counter":4,"key":"xhTuHjuGKNhv1CjoWpPe0ryOhDaJ7p6XJzq+ANeq1VY="},"chainType":1,"messageKeys":{}}},"pendingPreKey":{"signedKeyId":7,"baseKey":"BQFkYSpsQeWpHnUp/0cII89AVHVnouw1KeO0TqgdppNG"}}},"version":"v1"}