{"_sessions":{"BXNtH34hEfipv0Ym5s9ELZ0qL5Ftl65AnB4Ac68qbn8I":{"registrationId":1038748613,"currentRatchet":{"ephemeralKeyPair":{"pubKey":"BR3gCUNHpi8uOhN/P97RLBE15gGxFXzTbfiHNXiNTVxw","privKey":"uLDWirZxObt2FSy4NVe7sRGXdLuEAgeclm1DB3iAYms="},"lastRemoteEphemeralKey":"BTAFhKfcq0ce3TMDJ3Eu2Bg1AXr48HAhWt4Szvc4yl5a","previousCounter":0,"rootKey":"K4u0SKODNmPnlAQQNOS8eoFvX/teIvh4NzM4AmjeGLI="},"indexInfo":{"baseKey":"BXNtH34hEfipv0Ym5s9ELZ0qL5Ftl65AnB4Ac68qbn8I","baseKeyType":1,"closed":-1,"used":1682820082823,"created":1682820082823,"remoteIdentityKey":"Bfan9QtQNt3PJ0m27EhKX0MKH70AiQHrzssxaRDiG1h6"},"_chains":{"BR3gCUNHpi8uOhN/P97RLBE15gGxFXzTbfiHNXiNTVxw":{"chainKey":{"counter":4,"key":"VzJJmRtdyeVNV0nWntfvbA+53FOb89W3e/PkFyP04Zo="},"chainType":1,"messageKeys":{}}},"pendingPreKey":{"signedKeyId":0,"baseKey":"BXNtH34hEfipv0Ym5s9ELZ0qL5Ftl65AnB4Ac68qbn8I"}}},"version":"v1"}