{"_sessions":{"BaPnUvUJXINNW7yzjHzJA0QMNgvfNWtO3lk7p3NzZfFi":{"registrationId":60,"currentRatchet":{"ephemeralKeyPair":{"pubKey":"BUTKn/meNbFuOnC0Ov2irDRXQOusGU/ldPhUB61UCQ06","privKey":"ILqB+C8R3+RZHgb7x+D58WaIXoSTjPEyzHNP5CHPGWQ="},"lastRemoteEphemeralKey":"BTYGQbY79VzZR9fmCi0pROkiaZSxqNpWTLh/Vo95ENRw","previousCounter":1,"rootKey":"CbkWeUc3itABqNW28tDLXqSW0lg+tO+LprL/B0Y3Oq0="},"indexInfo":{"baseKey":"BaPnUvUJXINNW7yzjHzJA0QMNgvfNWtO3lk7p3NzZfFi","baseKeyType":2,"closed":-1,"used":1682857105895,"created":1682820073698,"remoteIdentityKey":"BUGSXGM42fd+Q4EuYABbQvKBOzuJuzaSXZssY6hNqfAF"},"_chains":{"BRHyVkLBJ5cS2Rz+u2KO4+MpEIQf4GJQY8t0uQK2PeVe":{"chainKey":{"counter":0},"chainType":2,"messageKeys":{}},"BTYGQbY79VzZR9fmCi0pROkiaZSxqNpWTLh/Vo95ENRw":{"chainKey":{"counter":7,"key":"zy0rYf8Ka55pAOR112giwJ86D0LfMQPu8NsEbWQkFKs="},"chainType":2,"messageKeys":{"4":"rAdwC4WZTDlbw46V9IUtk5ODdHbMnsCyVAZOl/Jky0s="}},"BUTKn/meNbFuOnC0Ov2irDRXQOusGU/ldPhUB61UCQ06":{"chainKey":{"counter":2,"key":"VctDajz2kLqS8AW+YcfAVnsTH+m7ZIkFyx74WVvTLJA="},"chainType":1,"messageKeys":{}}}}},"version":"v1"}