{"_sessions":{"Bex5YUXXMI7FL61jErcUK56m+qmQUFR6v4Hei62+tcJ5":{"registrationId":924183131,"currentRatchet":{"ephemeralKeyPair":{"pubKey":"Bfvf3PxluOlIV9IBYVCjk6bh5MDegHNQmCOFeC0JlixG","privKey":"gJFTpRgC3DZb3mWy+e0lafVm9uanzRroTezB7Cnr5Go="},"lastRemoteEphemeralKey":"BaoVfQLwlnSzF3FBOkDXojLx30V+lnsZ9yBvAq4SEWNm","previousCounter":0,"rootKey":"q2tCVhRbCQXVA9wlbXjkq4E6hAmkw/Agn4OUsBHWCzc="},"indexInfo":{"baseKey":"Bex5YUXXMI7FL61jErcUK56m+qmQUFR6v4Hei62+tcJ5","baseKeyType":1,"closed":-1,"used":1682820083053,"created":1682820083053,"remoteIdentityKey":"BTWO8dSmRMeM4u16UUq6U9JyipE4MiuyEnzuUcaU1Ipc"},"_chains":{"Bfvf3PxluOlIV9IBYVCjk6bh5MDegHNQmCOFeC0JlixG":{"chainKey":{"counter":4,"key":"KC/FE1SVFaG/4yDyqJoBAG0Ia806Fz0C1eYBCQ5tWvk="},"chainType":1,"messageKeys":{}}},"pendingPreKey":{"signedKeyId":0,"baseKey":"Bex5YUXXMI7FL61jErcUK56m+qmQUFR6v4Hei62+tcJ5","preKeyId":15566512}}},"version":"v1"}