{"_sessions":{"BfLjp8enNlLOiL12fx6qBHDj4EhJU9PmR0dYRs1javop":{"registrationId":1370235862,"currentRatchet":{"ephemeralKeyPair":{"pubKey":"BWnzLXq2p95o0B72ZuTgv2Uoy8CxWz0KnIOtm5m0gPYU","privKey":"0KS3LFJxsOAJjWgr1A8nxwrAfsNRdFkE6dudi0ra93M="},"lastRemoteEphemeralKey":"Bdb7XVpLTX4iOBIdKBMtxeIsWqmQPdfrJyFe5SmhZVRW","previousCounter":0,"rootKey":"KdgIAxxQhNi4QcUOHrrw9DNa2Aa0gYdWu5AVZW0Neik="},"indexInfo":{"baseKey":"BfLjp8enNlLOiL12fx6qBHDj4EhJU9PmR0dYRs1javop","baseKeyType":1,"closed":-1,"used":1682820082742,"created":1682820082742,"remoteIdentityKey":"BXXpx6CyP5234CD/g8nPvrscPAhpFejohQTCB0V2/utT"},"_chains":{"BWnzLXq2p95o0B72ZuTgv2Uoy8CxWz0KnIOtm5m0gPYU":{"chainKey":{"counter":4,"key":"Rmo3RQP/vM24iW/ppJIFBVCd0aGCR+fNWq32YJnOZUg="},"chainType":1,"messageKeys":{}}},"pendingPreKey":{"signedKeyId":0,"baseKey":"BfLjp8enNlLOiL12fx6qBHDj4EhJU9PmR0dYRs1javop","preKeyId":3635864}}},"version":"v1"}