{"_sessions":{"BSRurfDO+EYxLFXuYBq/W+NOAfOR4xoBrYUu11Zv9Wgp":{"registrationId":31,"currentRatchet":{"ephemeralKeyPair":{"pubKey":"Ba1J0gguoBGs9jthn8xkndED9+dJ8IgafATwPGRNB9wV","privKey":"KKozizoeB7TeLSOjS8tCxrgBo4JgkpO61mELotnxOmY="},"lastRemoteEphemeralKey":"BawQhDi33ilSA2v36ZMbi0rhDMnbySTFmBeCZ0ZCVttH","previousCounter":0,"rootKey":"d+z6PA2uCMos1Syu66KhsrZMZlKpQjsHnnM1sNbUWT0="},"indexInfo":{"baseKey":"BSRurfDO+EYxLFXuYBq/W+NOAfOR4xoBrYUu11Zv9Wgp","baseKeyType":1,"closed":-1,"used":1682857114346,"created":1682857114346,"remoteIdentityKey":"BbwMbFR0j2WbA55W5tMBU8y6nJtBmPSCpQuPCeo2L6wB"},"_chains":{"Ba1J0gguoBGs9jthn8xkndED9+dJ8IgafATwPGRNB9wV":{"chainKey":{"counter":2,"key":"lbREl68eGJEEXDcuJE/RQO5DqiEQO3IULVyfH+Mj1QE="},"chainType":1,"messageKeys":{}}},"pendingPreKey":{"signedKeyId":1,"baseKey":"BSRurfDO+EYxLFXuYBq/W+NOAfOR4xoBrYUu11Zv9Wgp"}}},"version":"v1"}