{"_sessions":{"BX7EhKm31J8WyE/juzTKkK3CNNPM6vc8P6BO29Bgic0s":{"registrationId":2143721181,"currentRatchet":{"ephemeralKeyPair":{"pubKey":"BcKct1nb4p9Dt0748vA301goWxANHFqxwW7dqN81goYj","privKey":"MEY4iHk43bSneYE+04nyfN3Z2oCJ0inFgm+bO8Qn0mc="},"lastRemoteEphemeralKey":"BXm0SsycO1NsYavO6JQlNcyz4h6rdSz2vfjNU5EG+GBU","previousCounter":1,"rootKey":"6PGNvTMuhmrhIz1Z2xYg+J3603qgyc/1rqjXRncXiFg="},"indexInfo":{"baseKey":"BX7EhKm31J8WyE/juzTKkK3CNNPM6vc8P6BO29Bgic0s","baseKeyType":1,"closed":-1,"used":1682857103372,"created":1682820082872,"remoteIdentityKey":"BarnGB6jH68ZkdNQpFrfruZzcSe7/fhlkaDvn0rFAYgM"},"_chains":{"BXm0SsycO1NsYavO6JQlNcyz4h6rdSz2vfjNU5EG+GBU":{"chainKey":{"counter":1,"key":"xsXa4RRRLqyYulVLt/3nm/DoUlDwEQslD8Dm9SRwBnY="},"chainType":2,"messageKeys":{}},"BcKct1nb4p9Dt0748vA301goWxANHFqxwW7dqN81goYj":{"chainKey":{"counter":2,"key":"Jque8isZceuPwgHCNoni1HaEGZ0wP+8jV6LMP+F/otk="},"chainType":1,"messageKeys":{}}}}},"version":"v1"}