{"_sessions":{"Be/HO8U1/9OZbJM8IzUqDcP+fDTwzw8ViNOa1SeWgf1b":{"registrationId":78,"currentRatchet":{"ephemeralKeyPair":{"pubKey":"Be7ZP7FcdWAAE9jWaEs4XZXY9NHHue5BMyC61JI+FFAa","privKey":"mMs5r7+1v0e0BWAuDUcCKQy+HjGSrMAPxRsro4fy80k="},"lastRemoteEphemeralKey":"BSH8j4vJCfbCXTD1X2fc0Tq2TF+fG1f/shOQO6EDOKQh","previousCounter":0,"rootKey":"Pj4EWnWm5p+NxGAjo6PXhPfpLd3afAvcJyhOQVRifIs="},"indexInfo":{"baseKey":"Be/HO8U1/9OZbJM8IzUqDcP+fDTwzw8ViNOa1SeWgf1b","baseKeyType":1,"closed":-1,"used":1682820082397,"created":1682820082397,"remoteIdentityKey":"BeWOehN4rVg1uiogeUlIs1mSRMZ8iXamKsi/lRtxs+Vk"},"_chains":{"Be7ZP7FcdWAAE9jWaEs4XZXY9NHHue5BMyC61JI+FFAa":{"chainKey":{"counter":4,"key":"3koiAFdF1W5tQlSTRSaXtS6jNrnXNzQ29cwPRDGvkcM="},"chainType":1,"messageKeys":{}}},"pendingPreKey":{"signedKeyId":1,"baseKey":"Be/HO8U1/9OZbJM8IzUqDcP+fDTwzw8ViNOa1SeWgf1b"}}},"version":"v1"}