{"_sessions":{"Be5pLoKaYZcEwWkW1W1BWG3TjVN4WQLgRdxz+uWuQWR0":{"registrationId":1968032320,"currentRatchet":{"ephemeralKeyPair":{"pubKey":"BZjV4RqoxyjPou/ICA3UNEaG6hjep0q6A5SZXXH3eP8K","privKey":"eD4Y91xcWIs1OzD/17rFa+g4FHpfta4StrdLec/Q5n8="},"lastRemoteEphemeralKey":"BThQ3LWbCxq/Ovml9JGN4NuK/O3AeELxzwZFpez4kf9m","previousCounter":0,"rootKey":"BElcrlULUjt/1IlWVbigxvQ/bXakt4QQFtqFaBxXBwk="},"indexInfo":{"baseKey":"Be5pLoKaYZcEwWkW1W1BWG3TjVN4WQLgRdxz+uWuQWR0","baseKeyType":1,"closed":-1,"used":1682820083236,"created":1682820083236,"remoteIdentityKey":"BZyKexnthhs1Cn21rr84QLrEJqQt7pXqfaEHj6Z0dw01"},"_chains":{"BZjV4RqoxyjPou/ICA3UNEaG6hjep0q6A5SZXXH3eP8K":{"chainKey":{"counter":4,"key":"7deW+v21/6/itzOuBwnH56rld3COaDM/1o6hvt87qvU="},"chainType":1,"messageKeys":{}}},"pendingPreKey":{"signedKeyId":1,"baseKey":"Be5pLoKaYZcEwWkW1W1BWG3TjVN4WQLgRdxz+uWuQWR0","preKeyId":4301371}}},"version":"v1"}