{"_sessions":{"BbD3Cabt9LlIqpA6J/FasdSKP/6n2Wrdoyt5ajfIGqtN":{"registrationId":8879,"currentRatchet":{"ephemeralKeyPair":{"pubKey":"Bf+Evg7FsJVk+jeAB//uJ0ecqA+nWvpcuC/6sy9bMZsp","privKey":"KPU45Y0bgTeLOQVPjb86Zc6e+2DjKbCShg9weFwHb1c="},"lastRemoteEphemeralKey":"BQFowiAPluV+WunqAOzHIdh8EWEsIpgqleKY7bOBjdAf","previousCounter":0,"rootKey":"QopVg86TVaG6SoREJjwR5l/DfecAZZKrnNr0PCVkmCA="},"indexInfo":{"baseKey":"BbD3Cabt9LlIqpA6J/FasdSKP/6n2Wrdoyt5ajfIGqtN","baseKeyType":1,"closed":-1,"used":1682820082304,"created":1682820082304,"remoteIdentityKey":"BaPyawnQlyaG3RcGVUEsfgCsb7kNbQTwenntv1XsA8Ng"},"_chains":{"Bf+Evg7FsJVk+jeAB//uJ0ecqA+nWvpcuC/6sy9bMZsp":{"chainKey":{"counter":4,"key":"Z9Cv/2c9q01Fl0w4xwywn2LikL/MKWL2MY6AeETieuw="},"chainType":1,"messageKeys":{}}},"pendingPreKey":{"signedKeyId":1,"baseKey":"BbD3Cabt9LlIqpA6J/FasdSKP/6n2Wrdoyt5ajfIGqtN"}}},"version":"v1"}