{"_sessions":{"BRIMFiyLmbP9cDBpoXg0f0rdv/n74uFNxHq6iUg9VlMk":{"registrationId":1351709472,"currentRatchet":{"ephemeralKeyPair":{"pubKey":"Be5+vMzcbkNZGRCqOF3iSE7DhrDHvtsxPDz/ywmGKLVp","privKey":"8KkrpncYPs44PgKpEj3+ynDm3Cp4O4G+toHuEx1gzGw="},"lastRemoteEphemeralKey":"BTlsn3zc3HxZ+7xZ/q4yude1hD+RPvkL9EOHEKxzkkVt","previousCounter":0,"rootKey":"lUHB+3UGVQ4CAf1+ztpjubsBPE22LoceGJbCBeXMh6o="},"indexInfo":{"baseKey":"BRIMFiyLmbP9cDBpoXg0f0rdv/n74uFNxHq6iUg9VlMk","baseKeyType":1,"closed":-1,"used":1682820082830,"created":1682820082830,"remoteIdentityKey":"BbXd7kYApUdoJAXYVtA8lqjoifiXEUyBDPBPF4xxM0p7"},"_chains":{"Be5+vMzcbkNZGRCqOF3iSE7DhrDHvtsxPDz/ywmGKLVp":{"chainKey":{"counter":4,"key":"rr/ok/HCN06NkmICVsE4u0qKWoNbkx5mnac56qWp+SQ="},"chainType":1,"messageKeys":{}}},"pendingPreKey":{"signedKeyId":0,"baseKey":"BRIMFiyLmbP9cDBpoXg0f0rdv/n74uFNxHq6iUg9VlMk","preKeyId":3581463}}},"version":"v1"}