{"_sessions":{"BYIsuGo8StpgvtXjh7NC9SCFYvIUsMmon8Ibl2ONeUxz":{"registrationId":1172383653,"currentRatchet":{"ephemeralKeyPair":{"pubKey":"BW3EJFq+HINRzbaDm5mRwB+LayWMAs96ph5fmJ6shAEG","privKey":"+Lmten74YR8RLkFXlG70ECoTPMCVlT2YOtN87N0yrlc="},"lastRemoteEphemeralKey":"BR/gxMW4kNHLuNi1rbPGqG4E3QGnHW8M5Gedx8kPy4Vl","previousCounter":0,"rootKey":"CERlGVmYCHQWgnOALFxZw3/qSrXv2PPlX/Uo88ZnYbY="},"indexInfo":{"baseKey":"BYIsuGo8StpgvtXjh7NC9SCFYvIUsMmon8Ibl2ONeUxz","baseKeyType":1,"closed":-1,"used":1682820082974,"created":1682820082974,"remoteIdentityKey":"BUPF0lTnjQyg1ubiKvc89suDhQijQERWb10ZGK3SWiB5"},"_chains":{"BW3EJFq+HINRzbaDm5mRwB+LayWMAs96ph5fmJ6shAEG":{"chainKey":{"counter":4,"key":"cYnXfV3iBbWBtYHInTHfjxcorOBwL3k1oxutWXkCAoI="},"chainType":1,"messageKeys":{}}},"pendingPreKey":{"signedKeyId":1,"baseKey":"BYIsuGo8StpgvtXjh7NC9SCFYvIUsMmon8Ibl2ONeUxz","preKeyId":11361467}}},"version":"v1"}