{"_sessions":{"BXz/7M6kBHYXZTMwxCkYNkm8pBgQjGby6/Ile4sNDo5+":{"registrationId":1094748168,"currentRatchet":{"ephemeralKeyPair":{"pubKey":"BalJgMbdCXrfAwJ3aOe/SxelJw8APf+mhP2M7RU974Vr","privKey":"UHiGgapoZF8yhRSSWzJfNV8nMC7lnEvEqBhB9Cf3InI="},"lastRemoteEphemeralKey":"Bdzce8dfjVS92pHbteRLefEaaNeYIBGNZdQ/1HhSfXkO","previousCounter":0,"rootKey":"xjYyFqnnlYp9hhV3WBV7j7p3y4KQWOchAnDRyXiH1ik="},"indexInfo":{"baseKey":"BXz/7M6kBHYXZTMwxCkYNkm8pBgQjGby6/Ile4sNDo5+","baseKeyType":1,"closed":-1,"used":1682820082582,"created":1682820082582,"remoteIdentityKey":"BYd1X+HMbvj4F412O79yST/2gUV4xdS82QwNlHZyzcBN"},"_chains":{"BalJgMbdCXrfAwJ3aOe/SxelJw8APf+mhP2M7RU974Vr":{"chainKey":{"counter":4,"key":"nzkd8FAPVRHKiWckvNXahyKMLiM2rDyVXxbqkdo83wE="},"chainType":1,"messageKeys":{}}},"pendingPreKey":{"signedKeyId":1,"baseKey":"BXz/7M6kBHYXZTMwxCkYNkm8pBgQjGby6/Ile4sNDo5+","preKeyId":9401365}}},"version":"v1"}