{"_sessions":{"BXdmZeCMFUeS4SO47b8qWyW3kyK3AlaBGmIqBBW8gKVQ":{"registrationId":788738782,"currentRatchet":{"ephemeralKeyPair":{"pubKey":"BX2udHsb8OKX7mE8a4fIYMlNulPbQgAZmz/LAV+8bidW","privKey":"KGiP89Ynim6PSU6xvLPMSmTnoCH9qgMGR2ngjKRxOlw="},"lastRemoteEphemeralKey":"BZQQwK7YTpMBEC9Cp6IDn1mzAUDkoIuN1VTjWTMdBeNX","previousCounter":0,"rootKey":"EsKs3yX1zP83/wrsk3XO3xs57SdKZ+SEWNcJgfp7SH0="},"indexInfo":{"baseKey":"BXdmZeCMFUeS4SO47b8qWyW3kyK3AlaBGmIqBBW8gKVQ","baseKeyType":1,"closed":-1,"used":1682820082464,"created":1682820082464,"remoteIdentityKey":"Bexlfxg10uC34s/zSqIQndb7XIqvZAtVxHcGEeXmFGEx"},"_chains":{"BX2udHsb8OKX7mE8a4fIYMlNulPbQgAZmz/LAV+8bidW":{"chainKey":{"counter":4,"key":"2LRhzgGX9dZEUioXBpHPHKRUq8m4KaBJUMQgHlf0T4o="},"chainType":1,"messageKeys":{}}},"pendingPreKey":{"signedKeyId":1,"baseKey":"BXdmZeCMFUeS4SO47b8qWyW3kyK3AlaBGmIqBBW8gKVQ","preKeyId":12012364}}},"version":"v1"}