{"_sessions":{"BbZLoLWFByy8aJVMsdOQ6oKWwzm3JfH0uAGpy6hFQUwJ":{"registrationId":639180572,"currentRatchet":{"ephemeralKeyPair":{"pubKey":"BVfoeAyTsCsK1qhXIWacLWOUFr9OSpYow1d9cB6IrINP","privKey":"CF8ahaaQUkC+k//caWxuDH8duWCUETEQOv4TNf85J0s="},"lastRemoteEphemeralKey":"BZJn2gS9d2Igtvaha/CdpQjrrSAN1ULxrwRUVnFLYktU","previousCounter":1,"rootKey":"s7y0cu1tW9kLas7BkMxP2I4nQPsKSyZnX5ACW5tOz0U="},"indexInfo":{"baseKey":"BbZLoLWFByy8aJVMsdOQ6oKWwzm3JfH0uAGpy6hFQUwJ","baseKeyType":1,"closed":-1,"used":1682857100417,"created":1682820083227,"remoteIdentityKey":"Ba5tqdGmQVEUV/p0GRSUPkfQRTXZadQnjbbtUH8oomkG"},"_chains":{"BZJn2gS9d2Igtvaha/CdpQjrrSAN1ULxrwRUVnFLYktU":{"chainKey":{"counter":0,"key":"YPrD3RuBZZe2eIOKWJZH5X3vplOeVWrivY17T8c4Wlc="},"chainType":2,"messageKeys":{}},"BVfoeAyTsCsK1qhXIWacLWOUFr9OSpYow1d9cB6IrINP":{"chainKey":{"counter":2,"key":"MphyQXk0e47jXd9gftepvrVyavfMA6F1+ydVCeqOBvA="},"chainType":1,"messageKeys":{}}}}},"version":"v1"}