{"_sessions":{"BZiFlmsO8S9/snT/dFlecD6eiptY+30lKgakMHe0Sv4E":{"registrationId":1452136988,"currentRatchet":{"ephemeralKeyPair":{"pubKey":"BZClaqToKLTjufFWDHwPrxd8knHSYY24zxrWRwVWmBZ7","privKey":"kO2Bap5HPYUblMMfJtIyyWKIuNvxAcIL7wZHTS3eGHI="},"lastRemoteEphemeralKey":"BbU3YaTjhqEi18dngoe2A0d64kK9VniVGZW0Xu+1rawG","previousCounter":0,"rootKey":"5Ce9qJjjxEF9rs9Atn7D1mLZJuuSwdXIJ0RSpV8QUvk="},"indexInfo":{"baseKey":"BZiFlmsO8S9/snT/dFlecD6eiptY+30lKgakMHe0Sv4E","baseKeyType":1,"closed":-1,"used":1682820082729,"created":1682820082729,"remoteIdentityKey":"BY/+OxEtDOkAMPYwt0kaPYGdxk4mWq6T1nzD2JRs2uEL"},"_chains":{"BZClaqToKLTjufFWDHwPrxd8knHSYY24zxrWRwVWmBZ7":{"chainKey":{"counter":4,"key":"HF2m0U4j6A5SnwYYCH24EZUalUC2Yzm32FJdiD974pw="},"chainType":1,"messageKeys":{}}},"pendingPreKey":{"signedKeyId":1,"baseKey":"BZiFlmsO8S9/snT/dFlecD6eiptY+30lKgakMHe0Sv4E"}}},"version":"v1"}