{"_sessions":{"BahO11yHR97pygxZr80CREo7/zHUfMNZzpNF2yaRTVhk":{"registrationId":83,"currentRatchet":{"ephemeralKeyPair":{"pubKey":"BWBuC0EDMFma9epijRdttcse5FBllQ7iLO8UvI8FpqcE","privKey":"8MTjSN7TyUVAzemKPuqLm3xMrJwK8CqiUWmDyYFIong="},"lastRemoteEphemeralKey":"BeDImwrRyURCANUcgPBnUVLmrJ61dKWiwNW3y1KXYhF5","previousCounter":0,"rootKey":"1cHAEuhv1xxfJF7jmmZfqw3y8VuXyFlw1MGENU4S0+0="},"indexInfo":{"baseKey":"BahO11yHR97pygxZr80CREo7/zHUfMNZzpNF2yaRTVhk","baseKeyType":2,"closed":1682857103179,"used":1682857103061,"created":1682857103061,"remoteIdentityKey":"BaZiNqsIwucEbatXmHzeQqgbxQ6lM94RCrw3clMRtmYp"},"_chains":{"BeDImwrRyURCANUcgPBnUVLmrJ61dKWiwNW3y1KXYhF5":{"chainKey":{"counter":0,"key":"v3k2ZoNk8qdiDGjD65EdXYCvZhCZZokemTMdLEbEbik="},"chainType":2,"messageKeys":{}},"BWBuC0EDMFma9epijRdttcse5FBllQ7iLO8UvI8FpqcE":{"chainKey":{"counter":-1,"key":"uxnL8Jb5fiaxDkuhMzOoyxjt1aEL94PMVfoRVEnMzio="},"chainType":1,"messageKeys":{}}}},"BQuX/6EOC8yyEb6O4H+z+hjOvRbAwR8Qab76m3rH9LA7":{"registrationId":83,"currentRatchet":{"ephemeralKeyPair":{"pubKey":"BUIpHpqV21jiElY/nLpqIB4LD7uCVxvNd2uZEXyjiRZr","privKey":"iEX+BJ3B6h527Wc7j8r2B6Y9mGslQTR1giJuREcuX00="},"lastRemoteEphemeralKey":"BWTm1urA7xkQJHeylTTOpus9IDcpWqGHVT4mnEfcXKwa","previousCounter":0,"rootKey":"pCwuf2YTmKEK5AUTT4h6bCZLM6ru8JJvYDK7HkZtMwI="},"indexInfo":{"baseKey":"BQuX/6EOC8yyEb6O4H+z+hjOvRbAwR8Qab76m3rH9LA7","baseKeyType":2,"closed":-1,"used":1682857103188,"created":1682857103188,"remoteIdentityKey":"BaZiNqsIwucEbatXmHzeQqgbxQ6lM94RCrw3clMRtmYp"},"_chains":{"BWTm1urA7xkQJHeylTTOpus9IDcpWqGHVT4mnEfcXKwa":{"chainKey":{"counter":3,"key":"1pIyCRLpwLPSQ/e7EfA883z6OmXyYSU4UbuhEQECvpk="},"chainType":2,"messageKeys":{}},"BUIpHpqV21jiElY/nLpqIB4LD7uCVxvNd2uZEXyjiRZr":{"chainKey":{"counter":-1,"key":"J0BQl7mXX93ylBTUeqkzUaf6GjPKE9ztlejrTEFNPs8="},"chainType":1,"messageKeys":{}}}}},"version":"v1"}