{"_sessions":{"BRF4J0rpcqKaZD2frMnoFuUn/2hvpUlJqZSkZv0kCSYx":{"registrationId":672989059,"currentRatchet":{"ephemeralKeyPair":{"pubKey":"Bbh5ZaT1x6z7CFHNoQc/YhZNJkYzjvzAGcWDGh5aUwlb","privKey":"ON/M0qzRSY3JMGHXAqrHRxIJzQSyjY2t5ysqptDI4mo="},"lastRemoteEphemeralKey":"BY18xGK3eBbY57JmqNoUPm0oPh01PBX8GWtVFysGkA13","previousCounter":0,"rootKey":"wP6vAIMJ1oa3/lhn+LllOWkWB9Dn3XSJjXwpbiX06x4="},"indexInfo":{"baseKey":"BRF4J0rpcqKaZD2frMnoFuUn/2hvpUlJqZSkZv0kCSYx","baseKeyType":1,"closed":-1,"used":1682820083129,"created":1682820083129,"remoteIdentityKey":"Be2eXD1aWinWkUaEnZPRjtdktjDdjaheMQb7Mn5jxqpE"},"_chains":{"Bbh5ZaT1x6z7CFHNoQc/YhZNJkYzjvzAGcWDGh5aUwlb":{"chainKey":{"counter":4,"key":"7/T0skPGh2BqAjQkf5ZojN5gJ3IwvUrlWJMsuAV91E4="},"chainType":1,"messageKeys":{}}},"pendingPreKey":{"signedKeyId":0,"baseKey":"BRF4J0rpcqKaZD2frMnoFuUn/2hvpUlJqZSkZv0kCSYx","preKeyId":8354066}}},"version":"v1"}