{"_sessions":{"BWse46M4YqihAcNjxEcZ2OccivkVNBnwmzMKyb673zsr":{"registrationId":1421974223,"currentRatchet":{"ephemeralKeyPair":{"pubKey":"BbBKgD+PieQPRgOeTTeAsSTJnIXil9NA+REqmk+Y/Eh1","privKey":"OMSTV0HbW5X2X1hzOpB0a/eZf4MH3NYSJaFqkkQZvlQ="},"lastRemoteEphemeralKey":"BaY3WV9MdEyqVadk5M0YCBxtD3A8v8J0fTx1GBwl8WNj","previousCounter":0,"rootKey":"qkGr5RYACVYYcxynbjS3L58SJE4vyPEXWenzddbud1Y="},"indexInfo":{"baseKey":"BWse46M4YqihAcNjxEcZ2OccivkVNBnwmzMKyb673zsr","baseKeyType":1,"closed":-1,"used":1682820082717,"created":1682820082717,"remoteIdentityKey":"BWKKktGKf5EJRm/BWYMvwryNZ8KoYez6VczLTuk4w+RR"},"_chains":{"BbBKgD+PieQPRgOeTTeAsSTJnIXil9NA+REqmk+Y/Eh1":{"chainKey":{"counter":4,"key":"ycI1rjoJliDBq8QU9umnZB5vp1kjE6+mK9nTcyv/boM="},"chainType":1,"messageKeys":{}}},"pendingPreKey":{"signedKeyId":0,"baseKey":"BWse46M4YqihAcNjxEcZ2OccivkVNBnwmzMKyb673zsr"}}},"version":"v1"}