{"_sessions":{"BcQj4Ta+JNamnb2hKLMbHAb4A15h1CzVo8OsMdS06BR7":{"registrationId":8086,"currentRatchet":{"ephemeralKeyPair":{"pubKey":"Bb5ooWNCb3QhkRg/DzM6LA3ZbU2X5vNSGTOLo11sGNwt","privKey":"OOarzSfypWALMEz7+gVxJKJ38F4qM8WUCoYXAYhQiXA="},"lastRemoteEphemeralKey":"BR+Bng5uvulo4SOhaboRZWftlmDWjx5NtUMOpVF4F9h+","previousCounter":0,"rootKey":"cKY1I8RVzOpyw3jNI0UszYY8AXupsWu0nbKJBeNmZRM="},"indexInfo":{"baseKey":"BcQj4Ta+JNamnb2hKLMbHAb4A15h1CzVo8OsMdS06BR7","baseKeyType":1,"closed":-1,"used":1682820082426,"created":1682820082426,"remoteIdentityKey":"BU3EPgE9sOgLIIlT9rWEt/NOSUvkSrxqCEDzgWVU9gpr"},"_chains":{"Bb5ooWNCb3QhkRg/DzM6LA3ZbU2X5vNSGTOLo11sGNwt":{"chainKey":{"counter":4,"key":"1KVkr5YTaJofSFRmFw2Pky3snXiimu0Xf7jPppGEcQw="},"chainType":1,"messageKeys":{}}},"pendingPreKey":{"signedKeyId":1,"baseKey":"BcQj4Ta+JNamnb2hKLMbHAb4A15h1CzVo8OsMdS06BR7"}}},"version":"v1"}