{"_sessions":{"BSAOJzySwtysPpKfgGhn39haVDXLbTfa2/JpeHjjuUcd":{"registrationId":1240751348,"currentRatchet":{"ephemeralKeyPair":{"pubKey":"BRxLecINvyXiO4+oToPO/OjGP5woqRAnVtprsQXtMvcA","privKey":"4AVr63FmYkxL0UEN7gtPT6Nz/DVyT/rtX+b7a7/xiWU="},"lastRemoteEphemeralKey":"BQCoghL3d4a6JbSqpy+lA2NLUg5g7nFkLh9TOwd0AO9l","previousCounter":0,"rootKey":"XP0KA9SDoGMimt2kSR1nUo0HT8x7KLSazVlgOQB7TqU="},"indexInfo":{"baseKey":"BSAOJzySwtysPpKfgGhn39haVDXLbTfa2/JpeHjjuUcd","baseKeyType":1,"closed":-1,"used":1682857114372,"created":1682857114372,"remoteIdentityKey":"BSCLUh2A1LIaVX7oJXPfwSimIKi4qJVFutyyHI0u+jRw"},"_chains":{"BRxLecINvyXiO4+oToPO/OjGP5woqRAnVtprsQXtMvcA":{"chainKey":{"counter":2,"key":"UGFQX1VjpKDkwxmEe/oQav5E2ObqTwwxT9a4TWwLFF0="},"chainType":1,"messageKeys":{}}},"pendingPreKey":{"signedKeyId":1,"baseKey":"BSAOJzySwtysPpKfgGhn39haVDXLbTfa2/JpeHjjuUcd","preKeyId":4763524}}},"version":"v1"}