{"_sessions":{"BUmJBuMjBQE6W8K15C2KNmodS+C9iFu1e7YeWDEDBRIa":{"registrationId":1885807729,"currentRatchet":{"ephemeralKeyPair":{"pubKey":"BTNnzpz4oyFUK00MZJrJZNNGgKBafrPIs3OOeVAPy+QW","privKey":"EN7JedgUoL445vqeQ8Uf7f3hs+PqRX32MUJbLVKQHmQ="},"lastRemoteEphemeralKey":"BQsdpX6b/PVHGdOz0opaD6lH6MTEz/zjlyJWUGtU4IcT","previousCounter":0,"rootKey":"+8NGyXxaW28kodollbvKSOzWi/BXgVeHmCGkrTFnoOs="},"indexInfo":{"baseKey":"BUmJBuMjBQE6W8K15C2KNmodS+C9iFu1e7YeWDEDBRIa","baseKeyType":1,"closed":-1,"used":1682820082658,"created":1682820082658,"remoteIdentityKey":"BadvO2k0T8YFxvccf8t5y/5L8+ZKkZ76tdAjD+Wkx5xL"},"_chains":{"BTNnzpz4oyFUK00MZJrJZNNGgKBafrPIs3OOeVAPy+QW":{"chainKey":{"counter":4,"key":"t1qg+/EyIlypeNc7h3oSHs76m2+uCM+xYOJ73A4aouA="},"chainType":1,"messageKeys":{}}},"pendingPreKey":{"signedKeyId":2,"baseKey":"BUmJBuMjBQE6W8K15C2KNmodS+C9iFu1e7YeWDEDBRIa","preKeyId":7686402}}},"version":"v1"}