{"_sessions":{"BaN3ZKOjWrpXnirj7nTacnnLB0twofY249N6QwVQXYZA":{"registrationId":1835494903,"currentRatchet":{"ephemeralKeyPair":{"pubKey":"BfvqPXXWjhlg8cE7m/WP4CvuX/e/NcxXbF8pgBavFb58","privKey":"+MXiGjtNzkFHBgQustCs4O73kDdo6yZFzNHuRZwxwEM="},"lastRemoteEphemeralKey":"BUnEi0cogI95ciBbsvIn9NfPycovLWTP1U38biOUBTFA","previousCounter":0,"rootKey":"KJWqv+jplsr8veEb/VEfQ8nQbjA1BetQ54g5W9j4Kak="},"indexInfo":{"baseKey":"BaN3ZKOjWrpXnirj7nTacnnLB0twofY249N6QwVQXYZA","baseKeyType":1,"closed":-1,"used":1682820082663,"created":1682820082663,"remoteIdentityKey":"BTURrgnoAguaiaAxHiPeuS6B40Hv/q2AOrVO+CcSvE9G"},"_chains":{"BfvqPXXWjhlg8cE7m/WP4CvuX/e/NcxXbF8pgBavFb58":{"chainKey":{"counter":4,"key":"PhoYRyPPWr42QcY2fgYLZ2Mk1xPVre3vPd0AgKK3UkU="},"chainType":1,"messageKeys":{}}},"pendingPreKey":{"signedKeyId":0,"baseKey":"BaN3ZKOjWrpXnirj7nTacnnLB0twofY249N6QwVQXYZA"}}},"version":"v1"}