{"_sessions":{"Bc6sl7gnEwh1sI6FsnR7MRtfilvHAFpqyRQDHeu9d4Ea":{"registrationId":2061324410,"currentRatchet":{"ephemeralKeyPair":{"pubKey":"BQxJbMeiO3Efp9cqQOBo3Tch1XedD5wgIfg+EVN7ghph","privKey":"KN5OT6U0rZbgLDytPJj8ff/j1U12ICYGv1gsQw0JWFA="},"lastRemoteEphemeralKey":"BXKJAy5aZ9ZWyzf8mCARbuVyXumYsvHQXU19q3/CPLd5","previousCounter":0,"rootKey":"SJYaqIb6nbGpAur5/F/YtbXIEfoq21ZYyY4w9WYdNeU="},"indexInfo":{"baseKey":"Bc6sl7gnEwh1sI6FsnR7MRtfilvHAFpqyRQDHeu9d4Ea","baseKeyType":1,"closed":-1,"used":1682820082918,"created":1682820082918,"remoteIdentityKey":"Bf40ePprPmHQEfIjSSkQC/wpVt2vcqYHh2JLznRC8is8"},"_chains":{"BQxJbMeiO3Efp9cqQOBo3Tch1XedD5wgIfg+EVN7ghph":{"chainKey":{"counter":4,"key":"OhqumDq8mlIB5XZz0aZ8WMYIk+qhMnP8HkXAHG0sD+4="},"chainType":1,"messageKeys":{}}},"pendingPreKey":{"signedKeyId":29,"baseKey":"Bc6sl7gnEwh1sI6FsnR7MRtfilvHAFpqyRQDHeu9d4Ea"}}},"version":"v1"}