{"_sessions":{"BZrjGXuMHk/IgEZ9yI/jVe2VHblMj88VlwH+82M4+gEh":{"registrationId":766435698,"currentRatchet":{"ephemeralKeyPair":{"pubKey":"BcgHZMMsibP3c7hgPKJu82xlM5JYrFLLG/CwgoiX3kUC","privKey":"KM4cMqGbHBJR8eqpmCAOUig7ZE+qmhUynqSIhvYFiXE="},"lastRemoteEphemeralKey":"BYuOmiU1hHK/UVVf/VgFxZCm9oU1RhD7LPkBVqZk6KhL","previousCounter":0,"rootKey":"On5+V3/yObUDbScLndDXUHZGgjAdDm4BOiS2eaoBl/M="},"indexInfo":{"baseKey":"BZrjGXuMHk/IgEZ9yI/jVe2VHblMj88VlwH+82M4+gEh","baseKeyType":1,"closed":-1,"used":1682820083321,"created":1682820083321,"remoteIdentityKey":"BcJ21nsVhPqY5I1pDYaAX0X54jzWuALUhZvdBpm1m18e"},"_chains":{"BcgHZMMsibP3c7hgPKJu82xlM5JYrFLLG/CwgoiX3kUC":{"chainKey":{"counter":4,"key":"CV7vMjWrFGPCM4zI1dKoBpPsbTz/LQHagfKeuDsIhr0="},"chainType":1,"messageKeys":{}}},"pendingPreKey":{"signedKeyId":0,"baseKey":"BZrjGXuMHk/IgEZ9yI/jVe2VHblMj88VlwH+82M4+gEh"}}},"version":"v1"}