{"_sessions":{"BRX/PoRK3vH1nqtjf7BpCou9XXre57sWY41ExoBv7RIj":{"registrationId":2066676595,"currentRatchet":{"ephemeralKeyPair":{"pubKey":"BXVurdYP5D4fur/jsIdv15pG4MV9XQy+Z5PiNxBLB8IC","privKey":"YHz+XH3EPUykzdymfkshLYwZur/JbFngBnLlVDcSjFE="},"lastRemoteEphemeralKey":"BVphouGaKSprE5R0XP4X3WEs6JcTkVFHvQD0uqoXLf5p","previousCounter":0,"rootKey":"2fY/jENya82QB5ElKOrwpBse1NtIpipZ6ft/IWpn53E="},"indexInfo":{"baseKey":"BRX/PoRK3vH1nqtjf7BpCou9XXre57sWY41ExoBv7RIj","baseKeyType":1,"closed":-1,"used":1682820082311,"created":1682820082311,"remoteIdentityKey":"Ba8KAKZl4WD63rIjZ+W7qD3wiNcLSSyKs/fBK7bOJu4c"},"_chains":{"BXVurdYP5D4fur/jsIdv15pG4MV9XQy+Z5PiNxBLB8IC":{"chainKey":{"counter":4,"key":"DLvZmo0nZ+BCR7HtMtH1pmVy2jjjO2LLfVF1fVMaM6Y="},"chainType":1,"messageKeys":{}}},"pendingPreKey":{"signedKeyId":1,"baseKey":"BRX/PoRK3vH1nqtjf7BpCou9XXre57sWY41ExoBv7RIj","preKeyId":5427648}}},"version":"v1"}