{"_sessions":{"Bek9n9W9z3iHY8q6St5OG0PubsiHMHAImSY3rAZvmhZ/":{"registrationId":909900038,"currentRatchet":{"ephemeralKeyPair":{"pubKey":"BaH5bZ6EERqyWyOJ1q0EU4Wq4wHMlEaiV1Z449iBLUFj","privKey":"YOFSoP65K9Eop5G1I5zexHSjM26VE66ard66Jii9rHk="},"lastRemoteEphemeralKey":"BcBNNDS0U5hKilcaiMXJbb9s79SyLM0OzPEZF+0kKFIw","previousCounter":0,"rootKey":"XI90LQnkak96hxDoNAy7ypBMg1wLHgSTGlycRcRCGSs="},"indexInfo":{"baseKey":"Bek9n9W9z3iHY8q6St5OG0PubsiHMHAImSY3rAZvmhZ/","baseKeyType":1,"closed":-1,"used":1682820083295,"created":1682820083295,"remoteIdentityKey":"BSPgB0KUMH0aD8TgdQrPbuRCAnnOFoQTAE7zH0bTva9N"},"_chains":{"BaH5bZ6EERqyWyOJ1q0EU4Wq4wHMlEaiV1Z449iBLUFj":{"chainKey":{"counter":4,"key":"oe2mUul5n9Xqmif25WHY1GT2DlD29mMwZHcNHLd4K70="},"chainType":1,"messageKeys":{}}},"pendingPreKey":{"signedKeyId":0,"baseKey":"Bek9n9W9z3iHY8q6St5OG0PubsiHMHAImSY3rAZvmhZ/"}}},"version":"v1"}