{"_sessions":{"BR6vPvHzxwq5EJWPJIdjFkThooaP8tKngWK+6FZyiYFz":{"registrationId":1373334424,"currentRatchet":{"ephemeralKeyPair":{"pubKey":"BYlpLh6r1UKDNNqI+GJCc2dISRoMOAg16B9TSWYkR2hs","privKey":"kNDGQU0UVEEo80cphTRiFwW0yQ97Ht7lqW6U4wuUiGM="},"lastRemoteEphemeralKey":"BTDItfMnrvaXEQqlmHoiIF/xAy3wxxZadq6hMWDjWxAI","previousCounter":0,"rootKey":"d8IG3fb9kmj8YdAmSzNdFqBmqEEZaE05b2Xov+YJ6PQ="},"indexInfo":{"baseKey":"BR6vPvHzxwq5EJWPJIdjFkThooaP8tKngWK+6FZyiYFz","baseKeyType":1,"closed":-1,"used":1682820082690,"created":1682820082690,"remoteIdentityKey":"BeWlhd0ixx9im2ajVu6dFd4oK0CbCQOTQKFT5mJ0QjVp"},"_chains":{"BYlpLh6r1UKDNNqI+GJCc2dISRoMOAg16B9TSWYkR2hs":{"chainKey":{"counter":4,"key":"1NChXbSvGkwX7/ygbvei9nkXjF/1nPq7PTpKKTrdJV8="},"chainType":1,"messageKeys":{}}},"pendingPreKey":{"signedKeyId":0,"baseKey":"BR6vPvHzxwq5EJWPJIdjFkThooaP8tKngWK+6FZyiYFz"}}},"version":"v1"}