{"_sessions":{"BTJm81CsB/urnUQ+z69lv8J5ZZgrqovLFJKvwvb/cNgz":{"registrationId":936277481,"currentRatchet":{"ephemeralKeyPair":{"pubKey":"BfthFBTG2fcoXLgIg9qhZM6lEYLNrZzzNEnqC4HXCgxd","privKey":"IDOCREbIGbiA8tMyNFmDj8ldg91ZPC0370TSUBhuCWM="},"lastRemoteEphemeralKey":"BVlIyP2Co1dfEogXIQ6Od7zCtY7GmSBX1/yvNfdAeoQr","previousCounter":0,"rootKey":"7boL2nZQZBSHr2imZbYzRjB6xqD1ORS5Sw4cidlhZh4="},"indexInfo":{"baseKey":"BTJm81CsB/urnUQ+z69lv8J5ZZgrqovLFJKvwvb/cNgz","baseKeyType":1,"closed":-1,"used":1682820083211,"created":1682820083211,"remoteIdentityKey":"BVS/1/TU/eBmggA59IA89+HytiblpTzGmoOkAwM9wHIJ"},"_chains":{"BfthFBTG2fcoXLgIg9qhZM6lEYLNrZzzNEnqC4HXCgxd":{"chainKey":{"counter":4,"key":"qvZz855ywfZLUjAHNK2xJtEPN3RM4eQR8SPmE/cPbLY="},"chainType":1,"messageKeys":{}}},"pendingPreKey":{"signedKeyId":0,"baseKey":"BTJm81CsB/urnUQ+z69lv8J5ZZgrqovLFJKvwvb/cNgz","preKeyId":14804285}}},"version":"v1"}