{"_sessions":{"BQcdH32oF8Lp1oNV7DMYchmZggMUJRPd3LldbsuBkVsC":{"registrationId":672309037,"currentRatchet":{"ephemeralKeyPair":{"pubKey":"BTmyHDhDiuQovY9G6G+uTG5uEe4/zPCR0KiNn9HoRs9W","privKey":"cNNVU4VuMIQWFsbicAerlkPeDrrSHVHTOhg5BKXd1ls="},"lastRemoteEphemeralKey":"BYtZ6XgqVcOzfIzuVxQPFNKH0r9BmojSLAG+k8TYwnx8","previousCounter":1,"rootKey":"gW/ljcT6MTxxAgsnhaeH56jqCoYsPV8jp4v9JeNxbcM="},"indexInfo":{"baseKey":"BQcdH32oF8Lp1oNV7DMYchmZggMUJRPd3LldbsuBkVsC","baseKeyType":1,"closed":-1,"used":1682857105825,"created":1682820083243,"remoteIdentityKey":"Beu/nxGhEck3/ZLhOwPawRLrI7LHYGxSyFCFdtEonmZA"},"_chains":{"BYtZ6XgqVcOzfIzuVxQPFNKH0r9BmojSLAG+k8TYwnx8":{"chainKey":{"counter":1,"key":"VhyXcelgT3DtjEWavKO04Eof/J4cyFl/yzW6DhJIdHE="},"chainType":2,"messageKeys":{}},"BTmyHDhDiuQovY9G6G+uTG5uEe4/zPCR0KiNn9HoRs9W":{"chainKey":{"counter":2,"key":"k5qitLGjAz4Lviz6ZyKcDRPT5C2Xz6fwfLoU2U21Ri0="},"chainType":1,"messageKeys":{}}}}},"version":"v1"}