{"_sessions":{"BaXNoDhI33gIWpAQFTQyzolvKKifmSe7d+tLkbNK6M1A":{"registrationId":15138,"currentRatchet":{"ephemeralKeyPair":{"pubKey":"BSRSrky4Yw8ne2/0DhdQGaXRv5cKSshyCYF2OE2suzsW","privKey":"YNathF/RF5iPS67xRg698MVGZ1uWYPCWwH2pakg/Z2I="},"lastRemoteEphemeralKey":"BZiBmgDgTe7DiaXiPIsW4d3T86imrkPR5hTJrx0879oV","previousCounter":0,"rootKey":"iPmu1kOrnB9lybVdbXWBGKyQqJpz7UNmzLqMz9NtyXs="},"indexInfo":{"baseKey":"BaXNoDhI33gIWpAQFTQyzolvKKifmSe7d+tLkbNK6M1A","baseKeyType":1,"closed":-1,"used":1682820082287,"created":1682820082287,"remoteIdentityKey":"BR/F6RRKgsvy9nVIcDwz9jGSTlEhsnW+xAEzbg2Jg5Ik"},"_chains":{"BSRSrky4Yw8ne2/0DhdQGaXRv5cKSshyCYF2OE2suzsW":{"chainKey":{"counter":4,"key":"b8V8mb90zGATgPbT+MHdkoxEuO5Lzmkrkn+yK/FJKRY="},"chainType":1,"messageKeys":{}}},"pendingPreKey":{"signedKeyId":1,"baseKey":"BaXNoDhI33gIWpAQFTQyzolvKKifmSe7d+tLkbNK6M1A"}}},"version":"v1"}