{"_sessions":{"BUWNTZkedMae8BhddQqZsauIrZcc0ql5CKegD/tP3R9w":{"registrationId":814985986,"currentRatchet":{"ephemeralKeyPair":{"pubKey":"BS7y9ohhtQqTGb23vbr6QxTluTx/yqFr14jLcnwMLx8U","privKey":"EDB9tC1qRINld3vDNPEySQ4HiPVC2lblsATM+rSdcUI="},"lastRemoteEphemeralKey":"BY9vwMMh0VH5u9d2ILuhLY/t7AYuseDiN/MYdRObxQdu","previousCounter":0,"rootKey":"C6uYYv/rU+YxuDurrSUh+mBMbkv14NCc+DAnMsZSyXI="},"indexInfo":{"baseKey":"BUWNTZkedMae8BhddQqZsauIrZcc0ql5CKegD/tP3R9w","baseKeyType":1,"closed":-1,"used":1682820082735,"created":1682820082735,"remoteIdentityKey":"BSMorMbaJ+WdZgXdsBeD6dFOv/gp5XTq7FtVda/d84Nx"},"_chains":{"BS7y9ohhtQqTGb23vbr6QxTluTx/yqFr14jLcnwMLx8U":{"chainKey":{"counter":4,"key":"9bZwa6dcOXiQIs7hIJGxP2cKQNiJ7ZONeW/DRMENJcQ="},"chainType":1,"messageKeys":{}}},"pendingPreKey":{"signedKeyId":0,"baseKey":"BUWNTZkedMae8BhddQqZsauIrZcc0ql5CKegD/tP3R9w"}}},"version":"v1"}