{"_sessions":{"Bc0dzu6hehHxYQbs5OcLGJZy/HB8IILPMoH7ooBFL+kJ":{"registrationId":276763019,"currentRatchet":{"ephemeralKeyPair":{"pubKey":"BULvW//Jeemizh6Fp2tlNtSz9lS5XznOTY5a8h8m3sI1","privKey":"YBIU72Pu3fGLCSq3noli18Z6c7cJ3J9F4gRmtfzbVF0="},"lastRemoteEphemeralKey":"BTv6TPKXqawOIunfzQbyf26ABQ12lSbiRFHxUowc8rdL","previousCounter":0,"rootKey":"KJvQPeq2JXnt1k9SAzJefY0v7QPcMQybMjJMfo+/IdI="},"indexInfo":{"baseKey":"Bc0dzu6hehHxYQbs5OcLGJZy/HB8IILPMoH7ooBFL+kJ","baseKeyType":1,"closed":-1,"used":1682820082651,"created":1682820082651,"remoteIdentityKey":"BXWg8szOxoXQG/WrAZ5VE23O0CXhiaOeD/Qolyshx0xN"},"_chains":{"BULvW//Jeemizh6Fp2tlNtSz9lS5XznOTY5a8h8m3sI1":{"chainKey":{"counter":4,"key":"tEvTwNL5csZvmMCv6Vo5SUVXmxpq+Jg+4owqT6Cv5rw="},"chainType":1,"messageKeys":{}}},"pendingPreKey":{"signedKeyId":1,"baseKey":"Bc0dzu6hehHxYQbs5OcLGJZy/HB8IILPMoH7ooBFL+kJ","preKeyId":4671823}}},"version":"v1"}