{"_sessions":{"BZWwnj0/FzTJWu3eS6P2vQDZD0iFT+PHFphy0dXkFSwy":{"registrationId":1230780773,"currentRatchet":{"ephemeralKeyPair":{"pubKey":"BdkmoD1bXxOzLAzBJIvjW6ME/0o3G1kIcebhFik0SlMv","privKey":"AOFfdGE6aHr11fbnHmyQd876NQNW6B5milfCGYRxAk4="},"lastRemoteEphemeralKey":"BcrwkK1X1CiA8lnnIUzlB1Z8vdSiC1iTcqFmUZleeDIz","previousCounter":0,"rootKey":"HnS+BRfXL/oDqOQgc1RsDNvFxNnOlgxMEZLWzzm5A54="},"indexInfo":{"baseKey":"BZWwnj0/FzTJWu3eS6P2vQDZD0iFT+PHFphy0dXkFSwy","baseKeyType":1,"closed":-1,"used":1682820082541,"created":1682820082541,"remoteIdentityKey":"BaCwqzCPv1VFq9Ko0bnXceuKcDuu839QGh+yqSboMqZ3"},"_chains":{"BdkmoD1bXxOzLAzBJIvjW6ME/0o3G1kIcebhFik0SlMv":{"chainKey":{"counter":4,"key":"nXR2PJUKiFNzNlZjDm/fXWoXb0GLpythbiWsl1JRCnE="},"chainType":1,"messageKeys":{}}},"pendingPreKey":{"signedKeyId":0,"baseKey":"BZWwnj0/FzTJWu3eS6P2vQDZD0iFT+PHFphy0dXkFSwy"}}},"version":"v1"}