{"_sessions":{"BWZYWEs0iWORBfWrYoQDWFV8xP5jsEDehx/6K79vodBg":{"registrationId":38,"currentRatchet":{"ephemeralKeyPair":{"pubKey":"BaEfWTwAmvzn8Gc5uAcJ70wbxKmdaxcqoxyVQ16NKhdk","privKey":"GE2FIVrY+iXANUmzGZJfw4u8x1vwcppBchJONYzXbUo="},"lastRemoteEphemeralKey":"BZxjpRFgRcUbYhi8rbx5VHpwFKTxNiu0erygm3bgQyRW","previousCounter":0,"rootKey":"JBnxSwReIrvzMzE+aIrPZ//JqOiUSF4OcCPOuLRAiBs="},"indexInfo":{"baseKey":"BWZYWEs0iWORBfWrYoQDWFV8xP5jsEDehx/6K79vodBg","baseKeyType":1,"closed":-1,"used":1682820082324,"created":1682820082324,"remoteIdentityKey":"BTL303o4MejUJb2jXOUk75dsTCD7OYD8bOVpAqUUCA9G"},"_chains":{"BaEfWTwAmvzn8Gc5uAcJ70wbxKmdaxcqoxyVQ16NKhdk":{"chainKey":{"counter":4,"key":"6mEgrD3Pfr1DtUBGzvGONoxuRBQs3V6/44AEfmnE5rE="},"chainType":1,"messageKeys":{}}},"pendingPreKey":{"signedKeyId":1,"baseKey":"BWZYWEs0iWORBfWrYoQDWFV8xP5jsEDehx/6K79vodBg"}}},"version":"v1"}