{"_sessions":{"Bbkq4Gs3Tl8Y8yJRE1vGhZW4ts1NwUuPep9aX+7Docd6":{"registrationId":794417465,"currentRatchet":{"ephemeralKeyPair":{"pubKey":"BS9PMgOTlC6lIuooxaSNmxYyEHMHUE9jxSxOT44jiHZ0","privKey":"YIFvEdtxejLngqEFroomDKfaW4j7F17vR9ssb78N9UY="},"lastRemoteEphemeralKey":"BXdYEqk8KLuepFNNFNw6+Yhm3pHmIIDK9AtO7slVbsFs","previousCounter":0,"rootKey":"4MdV27ZVK+l/wRDGYzZrPHlgMfAc9W02OukZ85xJb+o="},"indexInfo":{"baseKey":"Bbkq4Gs3Tl8Y8yJRE1vGhZW4ts1NwUuPep9aX+7Docd6","baseKeyType":1,"closed":-1,"used":1682820083138,"created":1682820083138,"remoteIdentityKey":"BXB2OEZ6simcN1fqt3PT7R4DAEnBIk0pXtZrRnGSUn0G"},"_chains":{"BS9PMgOTlC6lIuooxaSNmxYyEHMHUE9jxSxOT44jiHZ0":{"chainKey":{"counter":4,"key":"ryJ9CJwMjlnSF+7FHxMzTLxrv7MAQgvDYVKSHRcAhb0="},"chainType":1,"messageKeys":{}}},"pendingPreKey":{"signedKeyId":28,"baseKey":"Bbkq4Gs3Tl8Y8yJRE1vGhZW4ts1NwUuPep9aX+7Docd6","preKeyId":15903087}}},"version":"v1"}