{"_sessions":{"BbJLr1/t+7CwJtH8ReM+xibuyAV/Oh+HMRaK7HP6YGkU":{"registrationId":2075777554,"currentRatchet":{"ephemeralKeyPair":{"pubKey":"BZln4K/k3B4rwZ6MidM125iL+QZQ90/Q5+KGMvE2AIA9","privKey":"WKJatppDDU+RHnL5D37dl/zkx6pGOhEmic2e28JZEF0="},"lastRemoteEphemeralKey":"BWAPGw3DdWgd6Bhr0kwMD9cytUPpQ/8Fx98Lym0Xid95","previousCounter":0,"rootKey":"bxzDd7l6YZFWtkT4BE9trEN8xckTNKYRw+NW0TjYn/c="},"indexInfo":{"baseKey":"BbJLr1/t+7CwJtH8ReM+xibuyAV/Oh+HMRaK7HP6YGkU","baseKeyType":1,"closed":-1,"used":1682820082925,"created":1682820082925,"remoteIdentityKey":"BYL4469MWvP/6qiMTXEtNj0OumprLIPerBhrHASrEY9L"},"_chains":{"BZln4K/k3B4rwZ6MidM125iL+QZQ90/Q5+KGMvE2AIA9":{"chainKey":{"counter":4,"key":"KQ6P7kc8wtgvXMa5Vx+cZ4RV1ImuJirOnFsNmZhTq9E="},"chainType":1,"messageKeys":{}}},"pendingPreKey":{"signedKeyId":1,"baseKey":"BbJLr1/t+7CwJtH8ReM+xibuyAV/Oh+HMRaK7HP6YGkU","preKeyId":8886104}}},"version":"v1"}