{"_sessions":{"BZ76HObGfjyfPqphxnynueGmA/mRE3xriuKPRAFglGN2":{"registrationId":1003620089,"currentRatchet":{"ephemeralKeyPair":{"pubKey":"BZ/81KOZ+bjRSL2dEMQUrIfZ3ITsRIcsDsuBZu9/mmFC","privKey":"qOiXm1//LS4nz+s+kT8P6mfTQJ2CS8fWXTUf6G33j3g="},"lastRemoteEphemeralKey":"BcuEmgSBvXXYKSzPiE5z2EMihBT9gBtKFhmBXoshAKp+","previousCounter":0,"rootKey":"mJr364034d0JT955csSvGwWekiTf/jmLgUI2MlpJkuo="},"indexInfo":{"baseKey":"BZ76HObGfjyfPqphxnynueGmA/mRE3xriuKPRAFglGN2","baseKeyType":1,"closed":-1,"used":1682820082629,"created":1682820082629,"remoteIdentityKey":"BRm/pk+x6zRWf3ZMa57snyBCnpoxPNPgxsZsBdpofLE4"},"_chains":{"BZ/81KOZ+bjRSL2dEMQUrIfZ3ITsRIcsDsuBZu9/mmFC":{"chainKey":{"counter":4,"key":"q40Z+lFmekP4awXsG5XIbp1+SPRQ1u1FuKBz5IwUZ9U="},"chainType":1,"messageKeys":{}}},"pendingPreKey":{"signedKeyId":1,"baseKey":"BZ76HObGfjyfPqphxnynueGmA/mRE3xriuKPRAFglGN2","preKeyId":2835549}}},"version":"v1"}