{"_sessions":{"BeSrJu1KVNYeYSF1oSqziyblyyg6ImPdpke9h5D8fAdg":{"registrationId":1657613604,"currentRatchet":{"ephemeralKeyPair":{"pubKey":"BeiH55GNS8arHkTLW7RDnH1n0K/NdsaWkCXvBK0p2acw","privKey":"4KBIOFTQGKj+gqFOoCNiI2krz8uJrLsejLSsnqSOikk="},"lastRemoteEphemeralKey":"BZ1VpFrN8kln6h5ApqIoe1xk1T+h5LKacS5YW6JbUfNV","previousCounter":0,"rootKey":"skdKTdGxHXGeYcDbKj5bWCrjKH7oHCm2X6gbS1R7/xw="},"indexInfo":{"baseKey":"BeSrJu1KVNYeYSF1oSqziyblyyg6ImPdpke9h5D8fAdg","baseKeyType":1,"closed":-1,"used":1682820083036,"created":1682820083036,"remoteIdentityKey":"BXbZAubt7d9mI+2c5AQoLa2CjOWtrQOn+CZunO6d6IMl"},"_chains":{"BeiH55GNS8arHkTLW7RDnH1n0K/NdsaWkCXvBK0p2acw":{"chainKey":{"counter":4,"key":"AM7yLbVEgFQ52NLffLAlpSSSO42soLB0IdPEo+OPxmU="},"chainType":1,"messageKeys":{}}},"pendingPreKey":{"signedKeyId":1,"baseKey":"BeSrJu1KVNYeYSF1oSqziyblyyg6ImPdpke9h5D8fAdg","preKeyId":2748569}}},"version":"v1"}