{"_sessions":{"BZbDB1AuZmu47TCjHple/7OzOjSZAgXIzS9DmT66hsMb":{"registrationId":1184592191,"currentRatchet":{"ephemeralKeyPair":{"pubKey":"BRiioaVnZHoNzt6kFh5qP7mMfc29kvDN7Yase9OlcEEX","privKey":"WOcKqUXHJ8nAzmyO+b34AmKvXiVMCrVsFlfaiW/FxXo="},"lastRemoteEphemeralKey":"BWzDHIt0vSTlj/R7JZGkUhoVMy9wqY0LWLqMEY3ljugO","previousCounter":0,"rootKey":"6qAdevFwxr8OTvcpBJEzlZTG85XLxYYHno82gTVc+zo="},"indexInfo":{"baseKey":"BZbDB1AuZmu47TCjHple/7OzOjSZAgXIzS9DmT66hsMb","baseKeyType":1,"closed":-1,"used":1682820082944,"created":1682820082944,"remoteIdentityKey":"BeTB4UjdmDrbBB/ZqjOBgAAYofM9yUXsrgBPOf0cHSFJ"},"_chains":{"BRiioaVnZHoNzt6kFh5qP7mMfc29kvDN7Yase9OlcEEX":{"chainKey":{"counter":4,"key":"mOvLzcjqIG5cj1o2AWli0owsCkIDuO7Jy+3yiUhwIis="},"chainType":1,"messageKeys":{}}},"pendingPreKey":{"signedKeyId":0,"baseKey":"BZbDB1AuZmu47TCjHple/7OzOjSZAgXIzS9DmT66hsMb","preKeyId":1092205}}},"version":"v1"}