{"_sessions":{"BRS6oGoY+q4JpAFMdVSA7lt5efDbiAmkYytHuaAJIOVk":{"registrationId":780900778,"currentRatchet":{"ephemeralKeyPair":{"pubKey":"BXXpkeRgKsAvyteifVusrycZshaNq3qcWkikkai+4GVJ","privKey":"QPYy8nv1TwsLY18Ce/mkVVQuf8KRG3F7fRYSwXR9Q3c="},"lastRemoteEphemeralKey":"BXYRYacWMMsJApUeB+XjHIeFgM7qWiaHmRXCT0V34pw0","previousCounter":0,"rootKey":"yFWVM93KkfEo7hkKjCUAFO/FlKOqdbOWytSkdhJ8KD4="},"indexInfo":{"baseKey":"BRS6oGoY+q4JpAFMdVSA7lt5efDbiAmkYytHuaAJIOVk","baseKeyType":1,"closed":-1,"used":1682820082515,"created":1682820082515,"remoteIdentityKey":"BTDrsEN8CB6uk22mybd4cWa6Cz4D/U+67oeHRYVDhE93"},"_chains":{"BXXpkeRgKsAvyteifVusrycZshaNq3qcWkikkai+4GVJ":{"chainKey":{"counter":4,"key":"j5LKZiquNxotUmO+pNdI7HK+WUSQg0aN0cgtLMbgLso="},"chainType":1,"messageKeys":{}}},"pendingPreKey":{"signedKeyId":0,"baseKey":"BRS6oGoY+q4JpAFMdVSA7lt5efDbiAmkYytHuaAJIOVk","preKeyId":15315334}}},"version":"v1"}