{"_sessions":{"BcZ00PzSHh6vq9l3hyYFpHwl/ZK6ydYukFd2yqkqpakj":{"registrationId":2072503902,"currentRatchet":{"ephemeralKeyPair":{"pubKey":"BSewfPgznZTH7AS8LHrbzLmQeRQm0F43V+qDx8vHYugl","privKey":"EIJhS/pbuPFLpl6/2V/tEFpC3i2HSebsaK0XUCEYfEw="},"lastRemoteEphemeralKey":"BV4RtR2xdpsYRO+ZDABCzOhkkVbGXr6dey2ZaAjxoQ4B","previousCounter":0,"rootKey":"N4btu8pT+/1RILYyqP7IzC+JkFVhznXIebiiLl20ldw="},"indexInfo":{"baseKey":"BcZ00PzSHh6vq9l3hyYFpHwl/ZK6ydYukFd2yqkqpakj","baseKeyType":1,"closed":-1,"used":1682820082591,"created":1682820082591,"remoteIdentityKey":"BcXJm1rEj8tmf9qfY4mnzKjEsDhBqeQ00fh4v8IH625Z"},"_chains":{"BSewfPgznZTH7AS8LHrbzLmQeRQm0F43V+qDx8vHYugl":{"chainKey":{"counter":4,"key":"KcU+S5+eLr3tUfey+2+KCM3fmQPCVoWsRxnHV+UyeBs="},"chainType":1,"messageKeys":{}}},"pendingPreKey":{"signedKeyId":18,"baseKey":"BcZ00PzSHh6vq9l3hyYFpHwl/ZK6ydYukFd2yqkqpakj","preKeyId":14970122}}},"version":"v1"}