{"_sessions":{"BZLxuiyiRlIjyg0MZQoE+GuMu2PtQLQ6aOEy4KR+arFo":{"registrationId":51,"currentRatchet":{"ephemeralKeyPair":{"pubKey":"BbZr7RDixajFeQ+SeO9UvifsnjHz4UPJIYN/+NdtzWNg","privKey":"GEysdE6pnW6FW5gu0+zw8vpSJeUfFIp/KkrQe+6T5EE="},"lastRemoteEphemeralKey":"BQLN3lwSYdF4Ht6Ia1GmDw+cJIZVelsUNbfvV40w1dVT","previousCounter":0,"rootKey":"h1n5d24goS3u6bnA90M+wyCOMB6poyeL5KhhY4lVvpI="},"indexInfo":{"baseKey":"BZLxuiyiRlIjyg0MZQoE+GuMu2PtQLQ6aOEy4KR+arFo","baseKeyType":1,"closed":-1,"used":1682820082245,"created":1682820082245,"remoteIdentityKey":"BUGL4xe273/30IxJq6TIZGtr92JH5wjupCLxqvsUBsJl"},"_chains":{"BbZr7RDixajFeQ+SeO9UvifsnjHz4UPJIYN/+NdtzWNg":{"chainKey":{"counter":1,"key":"fJrfGDKKCUqqXLLs7nnSbEhGuSd7RsOla2MPivcD3U0="},"chainType":1,"messageKeys":{}}},"pendingPreKey":{"signedKeyId":1,"baseKey":"BZLxuiyiRlIjyg0MZQoE+GuMu2PtQLQ6aOEy4KR+arFo","preKeyId":489}}},"version":"v1"}