{"_sessions":{"BYHixfV6WKLUNOFFN/SUdM3wAxB7H57BP7+vAQ0qEtx4":{"registrationId":1467124817,"currentRatchet":{"ephemeralKeyPair":{"pubKey":"BU6Ej9wkV8kgYugIbmC9Y0wmg3HSeseQ4nPe1LXE7eVI","privKey":"YFG2vO5jb6hap0dUn2FHEOCc+ms2I8kDDNKJPgsBM20="},"lastRemoteEphemeralKey":"BSGYmaJGCotqi9S5fIXAFbvxeqzyER0iWhoUry92jtoh","previousCounter":0,"rootKey":"6dLsx9dDefJBodsN6r9mqaVc0xw4Qubt3T27Pk5E1+k="},"indexInfo":{"baseKey":"BYHixfV6WKLUNOFFN/SUdM3wAxB7H57BP7+vAQ0qEtx4","baseKeyType":1,"closed":-1,"used":1682820082748,"created":1682820082748,"remoteIdentityKey":"BfiMsyc5loRmvig73hPciiaycHOsKCFzrSmOXgFwPMEJ"},"_chains":{"BU6Ej9wkV8kgYugIbmC9Y0wmg3HSeseQ4nPe1LXE7eVI":{"chainKey":{"counter":4,"key":"hdAJJylAN7G+XX8XVVZ9wbV5VlhjiSNK/ijTIibEMpc="},"chainType":1,"messageKeys":{}}},"pendingPreKey":{"signedKeyId":1,"baseKey":"BYHixfV6WKLUNOFFN/SUdM3wAxB7H57BP7+vAQ0qEtx4"}}},"version":"v1"}