{"_sessions":{"Ba1PCF4ax0qG6D1pykxni9JuOHe21vxSVRBbhTmRQic2":{"registrationId":1797813527,"currentRatchet":{"ephemeralKeyPair":{"pubKey":"BWv7tCAXvMsBtFs9h1UCWvE3ZLs6YjL/bvci+gdwORQ9","privKey":"aHqaahB2na5lWt0v2Bq8zFnMibv0MpdszX8V40km11M="},"lastRemoteEphemeralKey":"BR3neR/sB8kBe4hUPcliIPvvhoVVd+vy4SbM0PLZZq5o","previousCounter":0,"rootKey":"CGry/bkFVebgFK7k0dQD1ghFHu4uZsjBUOceJls7wZk="},"indexInfo":{"baseKey":"Ba1PCF4ax0qG6D1pykxni9JuOHe21vxSVRBbhTmRQic2","baseKeyType":1,"closed":-1,"used":1682820082318,"created":1682820082318,"remoteIdentityKey":"BWI/F1iqzUhGcim4HfjrzoRRvjmuUB06dPUxKoiyX/pS"},"_chains":{"BWv7tCAXvMsBtFs9h1UCWvE3ZLs6YjL/bvci+gdwORQ9":{"chainKey":{"counter":4,"key":"lpBoqBURibb5JB6C9pavTEPbgf9YwLKlqMqhKXUAmU8="},"chainType":1,"messageKeys":{}}},"pendingPreKey":{"signedKeyId":1,"baseKey":"Ba1PCF4ax0qG6D1pykxni9JuOHe21vxSVRBbhTmRQic2","preKeyId":2355899}}},"version":"v1"}