{"_sessions":{"BQp4WEiy3SzlOFucLgQiw6ZC1WRNNQeU0+flZD16ChRb":{"registrationId":168,"currentRatchet":{"ephemeralKeyPair":{"pubKey":"BWFfl7NYoIpsA1/LgD78szViqkGtK8i82gjsjzXi21gc","privKey":"uGDSGDJHVuUZMoMaNXI9tFB2QKFS/ENpBkAAh7YEmVk="},"lastRemoteEphemeralKey":"BZbfMGUrLndGTDjoqmzq/tvCEZ5AXzJr1z+36rmkoMY6","previousCounter":0,"rootKey":"hwZfyaX8KfgXk+6SGFIN5D2VJUkSnyNdzSyG05Kj9Lc="},"indexInfo":{"baseKey":"BQp4WEiy3SzlOFucLgQiw6ZC1WRNNQeU0+flZD16ChRb","baseKeyType":1,"closed":1682821602846,"used":1682819798389,"created":1682819798389,"remoteIdentityKey":"BTSp7xGzM+yokyE4cbd+Mtj2oGajtdgcHw2gFUdAobsB"},"_chains":{"BWFfl7NYoIpsA1/LgD78szViqkGtK8i82gjsjzXi21gc":{"chainKey":{"counter":7,"key":"FefPxQ437B29gLHiPD7YWPO1xKhfNHv7JGBMQb3irBM="},"chainType":1,"messageKeys":{}}},"pendingPreKey":{"signedKeyId":1,"baseKey":"BQp4WEiy3SzlOFucLgQiw6ZC1WRNNQeU0+flZD16ChRb","preKeyId":38}},"BQbskZwGQp7OXDBM298Exrf03kWjBpa2ttqQ3l6fooQ0":{"registrationId":168,"currentRatchet":{"ephemeralKeyPair":{"pubKey":"BS3Ojaqrku0yOZ8OEwv1rXvrUVhDMBjSrHGpGvsnkPg5","privKey":"GOBQ6H25/0hNxenJ35RuQstzlutJECiQSQbHPvrGJWM="},"lastRemoteEphemeralKey":"BXPqVYBIr/RssWglqBxw7N0V6WXzCGNCYu+4Fyv/BMkG","previousCounter":0,"rootKey":"WwwTSVHNiBUKgu5QlWOMhd3k0CDaPQAKUes4ZtZ79Pw="},"indexInfo":{"baseKey":"BQbskZwGQp7OXDBM298Exrf03kWjBpa2ttqQ3l6fooQ0","baseKeyType":2,"closed":1682821602927,"used":1682821602854,"created":1682821602854,"remoteIdentityKey":"BTSp7xGzM+yokyE4cbd+Mtj2oGajtdgcHw2gFUdAobsB"},"_chains":{"BXPqVYBIr/RssWglqBxw7N0V6WXzCGNCYu+4Fyv/BMkG":{"chainKey":{"counter":0,"key":"J+f2F2Y9afWKap6l1/GsHbFxmMqFvp8HN/jWyHAlTR8="},"chainType":2,"messageKeys":{}},"BS3Ojaqrku0yOZ8OEwv1rXvrUVhDMBjSrHGpGvsnkPg5":{"chainKey":{"counter":-1,"key":"i/m9S3w52sBr1j1fTqaYmN3+epoQXDKKPWSzKNKNNiM="},"chainType":1,"messageKeys":{}}}},"BWVRzhOMzYEEPJeoJTcZLnbAFkWOrn29LZb0LF+1bCl5":{"registrationId":168,"currentRatchet":{"ephemeralKeyPair":{"pubKey":"BeUqiM4f3Sr/ozaFlBgnXEhsriVUV0Nlp1xzurmCNCx/","privKey":"IGNcgrbqZR+7zbZ/3C1idYa1gLTJ3zX2HgND7JMonUg="},"lastRemoteEphemeralKey":"BRnpRd6E7gzhyjS8+Ub4mnBvy2wP6/049BJxxboi/qJR","previousCounter":0,"rootKey":"YTE00lKNdf2FYBPaQrwk3mu8blI+C8FacaptztmHcNI="},"indexInfo":{"baseKey":"BWVRzhOMzYEEPJeoJTcZLnbAFkWOrn29LZb0LF+1bCl5","baseKeyType":2,"closed":-1,"used":1682821602935,"created":1682821602935,"remoteIdentityKey":"BTSp7xGzM+yokyE4cbd+Mtj2oGajtdgcHw2gFUdAobsB"},"_chains":{"BRnpRd6E7gzhyjS8+Ub4mnBvy2wP6/049BJxxboi/qJR":{"chainKey":{"counter":0,"key":"mhszQnFU2I7durFSm2WVN/snDER69eJAo//umgsG4A0="},"chainType":2,"messageKeys":{}},"BeUqiM4f3Sr/ozaFlBgnXEhsriVUV0Nlp1xzurmCNCx/":{"chainKey":{"counter":11,"key":"WP3XybSbB4AGYu/my7gBS1x7brWh/fGg9AzUbfYMHyU="},"chainType":1,"messageKeys":{}}}}},"version":"v1"}