{"_sessions":{"BWItoxu3J9h9qsN2xpOMvIn1KqWWenNobh2CW4inCNxY":{"registrationId":1920343075,"currentRatchet":{"ephemeralKeyPair":{"pubKey":"BfgPp5evIosd1NQATwYtbdMhhF3BZq24CxU6ZqG2ZIVS","privKey":"sIJgxfVNDKYymMQtncIOCC9F6B/j6opAXoUrdixpZ3Q="},"lastRemoteEphemeralKey":"BasRQTky69BOQvD79rJi0Q/L3Qwj2A1shl4DpcVJSa49","previousCounter":0,"rootKey":"ILIrnBkXbKnJZaQwug3cXqipgPfeGGmHlgSMwnMZvBY="},"indexInfo":{"baseKey":"BWItoxu3J9h9qsN2xpOMvIn1KqWWenNobh2CW4inCNxY","baseKeyType":1,"closed":-1,"used":1682820083165,"created":1682820083165,"remoteIdentityKey":"Beb//IjnKDlb2cl3Wcd20LsARw7b5q0ZFB6kTTfSu55u"},"_chains":{"BfgPp5evIosd1NQATwYtbdMhhF3BZq24CxU6ZqG2ZIVS":{"chainKey":{"counter":4,"key":"3vRvaMi+C7XL5G021BsGdCugjFuq2PkvMdNVxIZCB20="},"chainType":1,"messageKeys":{}}},"pendingPreKey":{"signedKeyId":0,"baseKey":"BWItoxu3J9h9qsN2xpOMvIn1KqWWenNobh2CW4inCNxY"}}},"version":"v1"}