{"_sessions":{"BXucGL19UxciluLy9uBPwNhcwQeajWfftieGLwoL5M9A":{"registrationId":12646,"currentRatchet":{"ephemeralKeyPair":{"pubKey":"Bc11+HopC1/VftMTQanjqwFtzDXo/N5RupCS4936qBpj","privKey":"4P/oOX1MPGUMhsu7lVr2MuSDr0w7eZOuq2JISR/oBE0="},"lastRemoteEphemeralKey":"Bcj6qJqZlg4T4sgNpjMH/OfXZoA8knTcqdLvinaPsdoM","previousCounter":0,"rootKey":"eHGg+LUhZWaFbarJZTo/WIOIeOET/6P+OVeDWqnAtTM="},"indexInfo":{"baseKey":"BXucGL19UxciluLy9uBPwNhcwQeajWfftieGLwoL5M9A","baseKeyType":1,"closed":-1,"used":1682820082229,"created":1682820082229,"remoteIdentityKey":"BZ1MMPsk9ibRjHG2MKdxJXS5GnJ2NeYK8dLw6n6PRm1B"},"_chains":{"Bc11+HopC1/VftMTQanjqwFtzDXo/N5RupCS4936qBpj":{"chainKey":{"counter":4,"key":"FNCOFMsNw/6spmwByyVRESkKmyf+qoJLyLJ0a8XqpXg="},"chainType":1,"messageKeys":{}}},"pendingPreKey":{"signedKeyId":1,"baseKey":"BXucGL19UxciluLy9uBPwNhcwQeajWfftieGLwoL5M9A","preKeyId":55}}},"version":"v1"}