{"_sessions":{"BdLFHMIDtG4laV3RZZowes1cTNePVXykHTFPVv7FAE4/":{"registrationId":83,"currentRatchet":{"ephemeralKeyPair":{"pubKey":"BXU0jjIktHPa1ukHa4wko/s8oxCikzKaw7rCOcsvxLgf","privKey":"yKgckG4PFAEZcW9Yrp586NUw5PtvXkw4vilgqd2DMWw="},"lastRemoteEphemeralKey":"BRTo1RBFnGWUkDbvIE68mUj9MvXUZVCHu9alFrzrUAFk","previousCounter":0,"rootKey":"FdL21BtMZidpa1ppc7+dkogkFtHde6IYTlKOGYEHSjY="},"indexInfo":{"baseKey":"BdLFHMIDtG4laV3RZZowes1cTNePVXykHTFPVv7FAE4/","baseKeyType":1,"closed":-1,"used":1682820082367,"created":1682820082367,"remoteIdentityKey":"BWeekjUOdVMURRlNxR1kRNgVtdZX3aDsTDb3NwK/2eYv"},"_chains":{"BXU0jjIktHPa1ukHa4wko/s8oxCikzKaw7rCOcsvxLgf":{"chainKey":{"counter":4,"key":"si3eYk+oxt+OD5LvT6brtZhpBtpTMrNmSJnQwzPYXJI="},"chainType":1,"messageKeys":{}}},"pendingPreKey":{"signedKeyId":1,"baseKey":"BdLFHMIDtG4laV3RZZowes1cTNePVXykHTFPVv7FAE4/"}}},"version":"v1"}