{"_sessions":{"BSa+xe8xq7j9IHH2k4Vht/sNrpH59kcQkAl3MmHBXTRd":{"registrationId":628005502,"currentRatchet":{"ephemeralKeyPair":{"pubKey":"BXbN/iY5aJ8YVQbJWiuqdNfu1CuQgQy80gKdbohYAaMH","privKey":"KC/gWXWyCxzl5gN5BM+1TQabD9PB9HshB0+upfqBVVY="},"lastRemoteEphemeralKey":"BStpG2E3AlGzLHgFXIjcPOtlcEk2PSAbybPFDUKZoicU","previousCounter":0,"rootKey":"5gYd+Oz4QUaAgVaobqWZlzAIjrlD82Zxm4DhcZpXuUU="},"indexInfo":{"baseKey":"BSa+xe8xq7j9IHH2k4Vht/sNrpH59kcQkAl3MmHBXTRd","baseKeyType":1,"closed":-1,"used":1682820082723,"created":1682820082723,"remoteIdentityKey":"Ba0KnRxp/v1Se1tUVkE+5hgJ/0TdGq6GWGknzbPAerdo"},"_chains":{"BXbN/iY5aJ8YVQbJWiuqdNfu1CuQgQy80gKdbohYAaMH":{"chainKey":{"counter":4,"key":"Em8XApsD0oZt87MG8w3l1ZRAcBshcmzuza8JmkNnNxI="},"chainType":1,"messageKeys":{}}},"pendingPreKey":{"signedKeyId":3,"baseKey":"BSa+xe8xq7j9IHH2k4Vht/sNrpH59kcQkAl3MmHBXTRd"}}},"version":"v1"}