{"_sessions":{"BV4RvF0gQh8q62Hfh1Eqjkg37DQXoxUuc3XSceFY9eZC":{"registrationId":8870,"currentRatchet":{"ephemeralKeyPair":{"pubKey":"BRR6I1lhuEvlkZHzNtGWqOQuWAHRAPBTxroVlqAXANlV","privKey":"OAkCIVwljxtbO8Gz+9ddFvHh7cUpE4EjC/sshnUSO0g="},"lastRemoteEphemeralKey":"BU5EYKDdChTXx4lHLElx6i78jAOfRMYAJ4UMRq2srNwW","previousCounter":0,"rootKey":"6izIqTX1dpKgCHk6+mq3HEIXnfwHREfAGC2cweS80fA="},"indexInfo":{"baseKey":"BV4RvF0gQh8q62Hfh1Eqjkg37DQXoxUuc3XSceFY9eZC","baseKeyType":1,"closed":-1,"used":1682820082410,"created":1682820082410,"remoteIdentityKey":"BfTibCkHaE578kfaS9Mnp1zaQz4MWf9dbsTWjLhcXF1D"},"_chains":{"BRR6I1lhuEvlkZHzNtGWqOQuWAHRAPBTxroVlqAXANlV":{"chainKey":{"counter":4,"key":"DI50jHKkoDPDd723xBP7ONK33kLI/uGcNVIqWtiXf5c="},"chainType":1,"messageKeys":{}}},"pendingPreKey":{"signedKeyId":1,"baseKey":"BV4RvF0gQh8q62Hfh1Eqjkg37DQXoxUuc3XSceFY9eZC","preKeyId":553}}},"version":"v1"}