{"_sessions":{"BbuvUGcPd/L/s+MYSP2vCqnbBXuGSZG686cF3fO7LAtA":{"registrationId":1457805385,"currentRatchet":{"ephemeralKeyPair":{"pubKey":"Bev2yFSiEiEH3GicOK5yqgQ/g6RPh/sVBmcaswyHUBRh","privKey":"yETCeUxdNOjWwgLm5dJreIuqEMA3YfycQgpHTOWr/VU="},"lastRemoteEphemeralKey":"BfEMElDRWiVxlb6ftxRIo3zK5YffU5i2/6Ht6a+72TF5","previousCounter":0,"rootKey":"r8YCeuQq68xVHP7X8TQRu1/ujrAx2gNLBdrOMQmsyaU="},"indexInfo":{"baseKey":"BbuvUGcPd/L/s+MYSP2vCqnbBXuGSZG686cF3fO7LAtA","baseKeyType":1,"closed":-1,"used":1682820082697,"created":1682820082697,"remoteIdentityKey":"BdCNsCkhPm3Cv25KDx9O5D5vem4sEYROOrmNzU085eM6"},"_chains":{"Bev2yFSiEiEH3GicOK5yqgQ/g6RPh/sVBmcaswyHUBRh":{"chainKey":{"counter":4,"key":"7BFfph8KeZk1D7uc159CumIxAi2rMY6AL09AB036vs0="},"chainType":1,"messageKeys":{}}},"pendingPreKey":{"signedKeyId":0,"baseKey":"BbuvUGcPd/L/s+MYSP2vCqnbBXuGSZG686cF3fO7LAtA","preKeyId":1437890}}},"version":"v1"}