{"_sessions":{"BaRGFazvtIXGSgu0cAGhA9GqW2cTQZYh4+il1kX162oq":{"registrationId":155,"currentRatchet":{"ephemeralKeyPair":{"pubKey":"BZLft3fJYXNv5VfhQUm9/h1Nh/b/dYO3cUUrcJIwNB0s","privKey":"0F5cGTAwlANW/aWmL63fSDu3v9hyfgVMgj+Lhkarr3g="},"lastRemoteEphemeralKey":"Bcia6QATgNNE1QezT3kIt2ot3S8UUfx6xuZmXyigti5N","previousCounter":0,"rootKey":"+9rVJklLJbWGP6hYwYJoqeXBj/9E/+nPJ0584yQzlL4="},"indexInfo":{"baseKey":"BaRGFazvtIXGSgu0cAGhA9GqW2cTQZYh4+il1kX162oq","baseKeyType":1,"closed":-1,"used":1682820082337,"created":1682820082337,"remoteIdentityKey":"BZXcy1AiEeaK3cOSAzEamdqfFyn8rP7gy2O9+XUm13xh"},"_chains":{"BZLft3fJYXNv5VfhQUm9/h1Nh/b/dYO3cUUrcJIwNB0s":{"chainKey":{"counter":4,"key":"qCspuYdEZCTEBMl6b8ViOqLNPbOby+oYR09U8bCJ0ow="},"chainType":1,"messageKeys":{}}},"pendingPreKey":{"signedKeyId":1,"baseKey":"BaRGFazvtIXGSgu0cAGhA9GqW2cTQZYh4+il1kX162oq","preKeyId":50}}},"version":"v1"}