{"_sessions":{"BYoZF9PcI8U69ekRt0Y8pVZ0oOsIpWPcFvlrKeUgW5Zs":{"registrationId":195970347,"currentRatchet":{"ephemeralKeyPair":{"pubKey":"BUpMoZ0tglQACQG9aA2770skDNyScQEOoICGMdqfTpt7","privKey":"GEihGDfIVuBMYpY5LMrMWE3GxehH4wrnxcKJ9Tqh4Gc="},"lastRemoteEphemeralKey":"Bbktfovtc7nC9qWCsSMLsMM11xwNbwfXcszcxUtR91hS","previousCounter":0,"rootKey":"/nowv5e78GpnX+b0ul8Fjtz1NYiEG+kJYh/7AoHCZ50="},"indexInfo":{"baseKey":"BYoZF9PcI8U69ekRt0Y8pVZ0oOsIpWPcFvlrKeUgW5Zs","baseKeyType":1,"closed":-1,"used":1682820082765,"created":1682820082765,"remoteIdentityKey":"BSlIJ1mkIoGVbr4g0BjHSjqBLOuVt67NI+HKMaiOpM8q"},"_chains":{"BUpMoZ0tglQACQG9aA2770skDNyScQEOoICGMdqfTpt7":{"chainKey":{"counter":4,"key":"JkMEBLO/xxl0O8ItQteo7aol0iMF/9otk3RNivZDlF8="},"chainType":1,"messageKeys":{}}},"pendingPreKey":{"signedKeyId":0,"baseKey":"BYoZF9PcI8U69ekRt0Y8pVZ0oOsIpWPcFvlrKeUgW5Zs","preKeyId":13226997}}},"version":"v1"}