{"_sessions":{"BciipAleqCccF9YaR5mwZb28Sn86EY+k46nkN7EM8CJt":{"registrationId":22198086,"currentRatchet":{"ephemeralKeyPair":{"pubKey":"BcsfT6lVHgTpsC9b3RWu2N0/7/dGsoYaJQGbZeL0HEky","privKey":"eCGk7wG7AOWDZhBC2f0ZipOvLL/Z00f37x7vU9CjEXM="},"lastRemoteEphemeralKey":"BV2pkZp2bL+nJCdDS8IdhBsBDeF0lskyFD0bmBtpdWEj","previousCounter":0,"rootKey":"WG26MC8ojQ8mADFPJsi8m/bqTMhrIV2KoSVUYea2vaw="},"indexInfo":{"baseKey":"BciipAleqCccF9YaR5mwZb28Sn86EY+k46nkN7EM8CJt","baseKeyType":1,"closed":-1,"used":1682820082622,"created":1682820082622,"remoteIdentityKey":"BVLrUBICGAIcdUWtJl6VzzSvKZY8Xe1KK61goT2ZOTZZ"},"_chains":{"BcsfT6lVHgTpsC9b3RWu2N0/7/dGsoYaJQGbZeL0HEky":{"chainKey":{"counter":4,"key":"q7l08i3FzMH7FAvJ15+hnaYrxW6yn8WjwF1olT4pXs0="},"chainType":1,"messageKeys":{}}},"pendingPreKey":{"signedKeyId":3,"baseKey":"BciipAleqCccF9YaR5mwZb28Sn86EY+k46nkN7EM8CJt","preKeyId":8562742}}},"version":"v1"}