{"_sessions":{"BRCDN9InwUDM+jUopSK7H+tBEYhwA+WAOCTUZfZWK35N":{"registrationId":1222779580,"currentRatchet":{"ephemeralKeyPair":{"pubKey":"BYVbpK4OMorI+DX5IpBGQrOdnaZE/62x6hiEi2PBXw9Q","privKey":"KLQyzoWnomRKfnpBJX6VcjNLGVUUBBD8L+CAqhy9BXY="},"lastRemoteEphemeralKey":"BSi4ndS11ev60nGYGgb7szY9FhItqKcjDXzeReq/tRUp","previousCounter":0,"rootKey":"dmO5HagHlywWPs1B8EucBkMqcS0XNTfmOPW2Z/0qkLc="},"indexInfo":{"baseKey":"BRCDN9InwUDM+jUopSK7H+tBEYhwA+WAOCTUZfZWK35N","baseKeyType":1,"closed":-1,"used":1682820082473,"created":1682820082473,"remoteIdentityKey":"BXFqWJvpMdT32tQzm+x1ODGboTyvSnHn7OkmqmOUiipw"},"_chains":{"BYVbpK4OMorI+DX5IpBGQrOdnaZE/62x6hiEi2PBXw9Q":{"chainKey":{"counter":4,"key":"5zuzAlBRRH6v54Zvvd6S4VUJpFyGmlCOWqWRQr/VlBM="},"chainType":1,"messageKeys":{}}},"pendingPreKey":{"signedKeyId":0,"baseKey":"BRCDN9InwUDM+jUopSK7H+tBEYhwA+WAOCTUZfZWK35N"}}},"version":"v1"}