{"_sessions":{"BY/4n79Bffu1GFddMwYB+t4itT3qEvcgVo69h5Goc6wP":{"registrationId":359721974,"currentRatchet":{"ephemeralKeyPair":{"pubKey":"BSUvLUyhsQv8xmlxkZOeS7YHhAYNlhcYMnbEwqaCzCAR","privKey":"WI/5vWkyABkRDJ9XXmw54PkBjCaS7Q/yud9jhBSVFVQ="},"lastRemoteEphemeralKey":"BZ/RTc/dKcD5NVeF+kEDu5BQffEV0f2xub/K9aoode0q","previousCounter":0,"rootKey":"iK7FQ2HqGBjBhesMF2/DSLwmg4zIlU8wkCvxcgE5UKA="},"indexInfo":{"baseKey":"BY/4n79Bffu1GFddMwYB+t4itT3qEvcgVo69h5Goc6wP","baseKeyType":1,"closed":-1,"used":1682820083267,"created":1682820083267,"remoteIdentityKey":"BdYnYCeYF4+7GDqPuexwQV9QeFaEj9Wc5ELu1ZTsUkcW"},"_chains":{"BSUvLUyhsQv8xmlxkZOeS7YHhAYNlhcYMnbEwqaCzCAR":{"chainKey":{"counter":4,"key":"QGQo3SweDwqwsq9bwJZk68fI9FgIueJpLczmI8PPpHo="},"chainType":1,"messageKeys":{}}},"pendingPreKey":{"signedKeyId":4,"baseKey":"BY/4n79Bffu1GFddMwYB+t4itT3qEvcgVo69h5Goc6wP","preKeyId":9956087}}},"version":"v1"}