{"_sessions":{"BasyFr1IZGOzK/uo3N8VcRAXLSlkr/Bed7wmSBmVjBsL":{"registrationId":1502004715,"currentRatchet":{"ephemeralKeyPair":{"pubKey":"BUaiP2WDNAnHh3kZRayCdOHF/EaJXDlWRo38StnG5qZx","privKey":"qI4ogtbrgn1ZiUAcTlbPHILp39JYUwH2DVMZircknko="},"lastRemoteEphemeralKey":"BQayLL+ZW5fnfvqQPK7WpGRa9akwiceUU7MfWNuAHuol","previousCounter":0,"rootKey":"GKLwcmzZk9ps/nxZ7dpqnXjSqtIlhJquSg8630/TNDg="},"indexInfo":{"baseKey":"BasyFr1IZGOzK/uo3N8VcRAXLSlkr/Bed7wmSBmVjBsL","baseKeyType":1,"closed":-1,"used":1682820082447,"created":1682820082447,"remoteIdentityKey":"BQbQtfc2L9V5FWqoOJ0A7dgs3YeASlPj3WGllJWiDQtO"},"_chains":{"BUaiP2WDNAnHh3kZRayCdOHF/EaJXDlWRo38StnG5qZx":{"chainKey":{"counter":4,"key":"UVwSNfj+REYRjwZClR9J53buVsmmsF3tcWb5JZuB0Ls="},"chainType":1,"messageKeys":{}}},"pendingPreKey":{"signedKeyId":0,"baseKey":"BasyFr1IZGOzK/uo3N8VcRAXLSlkr/Bed7wmSBmVjBsL","preKeyId":3707442}}},"version":"v1"}