{"_sessions":{"BagC0lHzqpHadFcQmeUw9WT9qKflHNZoUn+0TS/wTlcE":{"registrationId":155,"currentRatchet":{"ephemeralKeyPair":{"pubKey":"BZ1fWb+i8kZGfjUgenjJJuNkupiZTZBkJr5U4u+lG4wD","privKey":"qHEReSveO9Q/TSHeykeuYhOR7owEtOmPjvK97v6bL3Q="},"lastRemoteEphemeralKey":"BQAkDMYbkaCcN/B8hqUEHhyXSHd1jw+/nkrewwV60jB1","previousCounter":0,"rootKey":"NZqIZhE6TDYBs1j/YECvSiHCsZcoMDme5f6isXdRsic="},"indexInfo":{"baseKey":"BagC0lHzqpHadFcQmeUw9WT9qKflHNZoUn+0TS/wTlcE","baseKeyType":1,"closed":-1,"used":1682820082293,"created":1682820082293,"remoteIdentityKey":"Ba8aTa+wN0iWh+bpd1C5dYidVIQ0aRM/5F2hncX8IlZa"},"_chains":{"BZ1fWb+i8kZGfjUgenjJJuNkupiZTZBkJr5U4u+lG4wD":{"chainKey":{"counter":4,"key":"AOTlYwLB4D9kB/7PSAF0rdgvWFcbE0WyjvA4CCErztA="},"chainType":1,"messageKeys":{}}},"pendingPreKey":{"signedKeyId":1,"baseKey":"BagC0lHzqpHadFcQmeUw9WT9qKflHNZoUn+0TS/wTlcE"}}},"version":"v1"}