{"_sessions":{"BeSAc+KRPWGurkLtRVwMsw4bh894kw0QqgG1/1hU/SwK":{"registrationId":1587442235,"currentRatchet":{"ephemeralKeyPair":{"pubKey":"BUGpOx/kfvrsjRg5/CiJJF7nCBSvWM0Czp1ff8gFbaER","privKey":"CHOWOE012J0FLASPbfmWdOXGPT9Mlx6Ok2FJUsHIS3Y="},"lastRemoteEphemeralKey":"Bf4185YzMzZ4yKqg7dxxHOPw7/siKpYqvppo7BzXnh95","previousCounter":0,"rootKey":"gwoWj2Ep6srHkAoLMUNjMFgWdYRAoDRROlzYe3gDkD4="},"indexInfo":{"baseKey":"BeSAc+KRPWGurkLtRVwMsw4bh894kw0QqgG1/1hU/SwK","baseKeyType":1,"closed":-1,"used":1682820083122,"created":1682820083122,"remoteIdentityKey":"BWHE1lIutVO1clxDwW0U6D7X37YJXK5IaSR7c9x3ccpK"},"_chains":{"BUGpOx/kfvrsjRg5/CiJJF7nCBSvWM0Czp1ff8gFbaER":{"chainKey":{"counter":4,"key":"sEyCYvzZ4Abx9KuXiOa2lUsAOOSQWO0wGxYUcr7vk50="},"chainType":1,"messageKeys":{}}},"pendingPreKey":{"signedKeyId":1,"baseKey":"BeSAc+KRPWGurkLtRVwMsw4bh894kw0QqgG1/1hU/SwK"}}},"version":"v1"}