{"_sessions":{"BVgUTjXVXUm18xlDRS5u/7lyTYNGOeFBlyvQH2eddpli":{"registrationId":156704112,"currentRatchet":{"ephemeralKeyPair":{"pubKey":"BT+LnTwWaNXZb29rmjcsUTabq1GpKXy7C1illM04ztAd","privKey":"eLsNbZPhqwkLftoVkXGknjfoplOaS+ixeuEumEuQr3M="},"lastRemoteEphemeralKey":"BfszSHgw4xV+ejSBvYANAhSCbnhwoXl9wBPq+T1Fq6pZ","previousCounter":1,"rootKey":"gawAcZtrtOAauFnLFacbFWR2HRjsoduqyl8N412lJY4="},"indexInfo":{"baseKey":"BVgUTjXVXUm18xlDRS5u/7lyTYNGOeFBlyvQH2eddpli","baseKeyType":2,"closed":-1,"used":1682859111207,"created":1682819789232,"remoteIdentityKey":"BRjmUuZ/MkEFF7YvvQlPQjqD0tpZVMg+KYFYfG0gA5dT"},"_chains":{"BUZSusiWCLrAiVkIpIXwDi54m2+dn1/2lVqMeNraUexG":{"chainKey":{"counter":0},"chainType":2,"messageKeys":{}},"BUrynWRTGKEQk4gyWOTC4TeiUC/F9cW5Lzlm9rezNuBr":{"chainKey":{"counter":0},"chainType":2,"messageKeys":{}},"BesUnRKMjFpisG63GBGiZdhsJ4dLys1RkhkCK31dtQQP":{"chainKey":{"counter":1},"chainType":2,"messageKeys":{}},"BclOEnAlPyhYysMiXbEoypQR+44d6Z46Gd4SEh9xHplt":{"chainKey":{"counter":0},"chainType":2,"messageKeys":{}},"BXmYv9K0mUxDlXjhPJaCVaeGtdPLQ0AtYmjh3qzRd49F":{"chainKey":{"counter":0},"chainType":2,"messageKeys":{}},"BWYkz1lxvQxHE/gflkBjfyUD1bZU740fn9VOw10M0shQ":{"chainKey":{"counter":10},"chainType":2,"messageKeys":{"2":"LxojfubO/BFHDaRVyyE6z1YWJyKpkX2jktMxAeL+Lho="}},"BdA0iM1PFdRPMORLXAlCQR9pdTPMhvRGukTdvU7pIOkM":{"chainKey":{"counter":0},"chainType":2,"messageKeys":{}},"Bc4jrh96eThAOzEOB9PPiQyCcgcVBYzekRu+sIHkksQd":{"chainKey":{"counter":0},"chainType":2,"messageKeys":{}},"BZJ1OYV6yhO/k2rxxix1JgoTS9z2wCI8Y30QXOGGcIgy":{"chainKey":{"counter":0},"chainType":2,"messageKeys":{}},"BXRnwVqRk8ftJmxB2YGBaSHoJE/oHX+5su8JSTUCcqdp":{"chainKey":{"counter":0},"chainType":2,"messageKeys":{}},"BfszSHgw4xV+ejSBvYANAhSCbnhwoXl9wBPq+T1Fq6pZ":{"chainKey":{"counter":2,"key":"q25Q/nrq4Nggwf+90pnDgQFwhu4POoPr1UzikLG0xLo="},"chainType":2,"messageKeys":{}},"BT+LnTwWaNXZb29rmjcsUTabq1GpKXy7C1illM04ztAd":{"chainKey":{"counter":0,"key":"VNNRTtluCunBQvDk384dGjtHovna+IlSAo+BavUouAE="},"chainType":1,"messageKeys":{}}}}},"version":"v1"}