{"_sessions":{"BdPKQHErFlW2abbMoCnmkg99MtreN5x7CD5Z8CXvyaRF":{"registrationId":15860,"currentRatchet":{"ephemeralKeyPair":{"pubKey":"BfRnzE9IiBa9UyHgi7p6bTC2T/LR0ScqQrTF89FHQugs","privKey":"4NXIGIAl+j8eGsAthWsp3MHyee/1vTZHCgyhVASimGQ="},"lastRemoteEphemeralKey":"BShTZB0trDv/6hngQapxORwE++EHhP8a+uGbxj2brPhP","previousCounter":0,"rootKey":"ia3epJ39kthFtdKzrpr3SHCtooQtOlOm6sCDrpfvLvo="},"indexInfo":{"baseKey":"BdPKQHErFlW2abbMoCnmkg99MtreN5x7CD5Z8CXvyaRF","baseKeyType":1,"closed":-1,"used":1682820082418,"created":1682820082418,"remoteIdentityKey":"BQ5r9MygbOqeUP6LBObq5aDl4Lp4fqARHwoGRFZ/+qY6"},"_chains":{"BfRnzE9IiBa9UyHgi7p6bTC2T/LR0ScqQrTF89FHQugs":{"chainKey":{"counter":4,"key":"s1dGZSpHlRDyAuQxL+AQPbBDkkV8Sv6v4bo1+E2iY3M="},"chainType":1,"messageKeys":{}}},"pendingPreKey":{"signedKeyId":5,"baseKey":"BdPKQHErFlW2abbMoCnmkg99MtreN5x7CD5Z8CXvyaRF","preKeyId":3497}}},"version":"v1"}