{"_sessions":{"BbLRJ0qby3J5H0NKkTIwSICzzJoQML9pKNUHUMGE7eoA":{"registrationId":1241359338,"currentRatchet":{"ephemeralKeyPair":{"pubKey":"Bf5MyGef4xHs9L/YcwK3u9WPQxgFaJe3INZVDJvhBMR3","privKey":"eJzvB7OxC9uJ3zc7CbFyUHw8BvhwK9pRHCesd+G1R00="},"lastRemoteEphemeralKey":"BeFTShctIlDlT4iJvs1pR4v+4y7vmDxcFBr3PBveKYxY","previousCounter":0,"rootKey":"2Kv6jFWIlYt/58JwlGvJFhlEKSk7Bfp97TonDsVlMo8="},"indexInfo":{"baseKey":"BbLRJ0qby3J5H0NKkTIwSICzzJoQML9pKNUHUMGE7eoA","baseKeyType":1,"closed":-1,"used":1682820083066,"created":1682820083066,"remoteIdentityKey":"BbLeE47OjcDHGh+jF9DKQmxJKx2FGW6JmWqkifpNSzxi"},"_chains":{"Bf5MyGef4xHs9L/YcwK3u9WPQxgFaJe3INZVDJvhBMR3":{"chainKey":{"counter":4,"key":"MpwABcjJDkMbDeTehfwl+ko8d2gwFOe0OgE8Rbx5tmM="},"chainType":1,"messageKeys":{}}},"pendingPreKey":{"signedKeyId":0,"baseKey":"BbLRJ0qby3J5H0NKkTIwSICzzJoQML9pKNUHUMGE7eoA","preKeyId":15475713}}},"version":"v1"}