{"_sessions":{"BQLUscvX5jbYjinnjCaU7k+mav1RVi23qISzfNAgWtYk":{"registrationId":1449882013,"currentRatchet":{"ephemeralKeyPair":{"pubKey":"BXHv/Nz/sW+xtRXHpgqStQaPApIUsA5YYGR9PSt7n4kK","privKey":"cIfr2/fiCPXg5l3pGv/naFEbbj9ZpBRJNolN5fvR7WQ="},"lastRemoteEphemeralKey":"BUXFuoFixYnXBW4VvrOo5sziQ2l06X4cAVbif4hf8Jtw","previousCounter":0,"rootKey":"Jhve/xLAD18mdnlzlt50uLZS79F0lyzJAqfk6rhs0nU="},"indexInfo":{"baseKey":"BQLUscvX5jbYjinnjCaU7k+mav1RVi23qISzfNAgWtYk","baseKeyType":1,"closed":-1,"used":1682820083087,"created":1682820083087,"remoteIdentityKey":"BWNrICD/C7LGFK7D46l+Q7dxl5TRf13HWtqYlfjl1Xlm"},"_chains":{"BXHv/Nz/sW+xtRXHpgqStQaPApIUsA5YYGR9PSt7n4kK":{"chainKey":{"counter":4,"key":"tBEiqiO2+4GopKHL307Jk6W/7Zk2nLsd8kJvk3uViTg="},"chainType":1,"messageKeys":{}}},"pendingPreKey":{"signedKeyId":0,"baseKey":"BQLUscvX5jbYjinnjCaU7k+mav1RVi23qISzfNAgWtYk"}}},"version":"v1"}