{"_sessions":{"BQVJ77Kc0Q3s3q0aW/aWRRPrMatXwLVKZZqWpJaN33FW":{"registrationId":25556158,"currentRatchet":{"ephemeralKeyPair":{"pubKey":"BfbS64lSXjcBzQjmSRH93yRODC1US/FKVXnaAo+bso1L","privKey":"oIci+fBlUqyzYDE1EhTftCfjvSxZrfaj4Wfy+NQEmkc="},"lastRemoteEphemeralKey":"BbRRfDqHrumfHzSH2/WFuk8+N2vajC6xSR315flvCElz","previousCounter":0,"rootKey":"a45RROLvvi35IRQ/0Lqx4L8uNKsdGPH07/mi4n7XQgw="},"indexInfo":{"baseKey":"BQVJ77Kc0Q3s3q0aW/aWRRPrMatXwLVKZZqWpJaN33FW","baseKeyType":1,"closed":-1,"used":1682820082507,"created":1682820082507,"remoteIdentityKey":"BcNl5gbHaewrNm71fUvJvqk9pJrtxbbtm4uG+heChdNu"},"_chains":{"BfbS64lSXjcBzQjmSRH93yRODC1US/FKVXnaAo+bso1L":{"chainKey":{"counter":4,"key":"9ZrPLEwLV9lQpa1SRKurT/342q+n6tlQJrK+79uxhIs="},"chainType":1,"messageKeys":{}}},"pendingPreKey":{"signedKeyId":0,"baseKey":"BQVJ77Kc0Q3s3q0aW/aWRRPrMatXwLVKZZqWpJaN33FW","preKeyId":2430786}}},"version":"v1"}