{"_sessions":{"BfoZe2xNIGZ5orH5jquWjBiWCxsWO0YvzoVLIIMSXwsu":{"registrationId":53,"currentRatchet":{"ephemeralKeyPair":{"pubKey":"BZ9r2C35zC6u6BXdD7aP/Tv/I3foX87qj3LoT2oAcMgb","privKey":"GIAO3F9jgCp4RN1DvRqAvxyA5zqsF//ZNf2UH7d2mEk="},"lastRemoteEphemeralKey":"BewRNvoIQYIXwMT8RqLLEPiW5O8Wrs8PHKLziL9RKnlT","previousCounter":0,"rootKey":"Srar0icAzXzcTdgV8tuaJHy4RjXfJIjc5th5dGBIr9U="},"indexInfo":{"baseKey":"BfoZe2xNIGZ5orH5jquWjBiWCxsWO0YvzoVLIIMSXwsu","baseKeyType":2,"closed":-1,"used":1682857106012,"created":1682820073934,"remoteIdentityKey":"BbNdBs+S7xAKRx3Tmu7SjkdpO9sSgy9CA2SE/uO24Okb"},"_chains":{"BfuZw43O/gZv1LGDXzp5PfeyYauOjY6M635uRg+xjg4/":{"chainKey":{"counter":0},"chainType":2,"messageKeys":{}},"BWadgoEO7t0QFzponW4imqi0zLWgCeAd/60VxqI0GD8G":{"chainKey":{"counter":0},"chainType":2,"messageKeys":{}},"BewRNvoIQYIXwMT8RqLLEPiW5O8Wrs8PHKLziL9RKnlT":{"chainKey":{"counter":3,"key":"c9TrrK0gQGOHXiSoH1I4tWslSxd6oX25OmXTRMDdQtc="},"chainType":2,"messageKeys":{}},"BZ9r2C35zC6u6BXdD7aP/Tv/I3foX87qj3LoT2oAcMgb":{"chainKey":{"counter":2,"key":"vApxdiCYvXgscp2yn9UIG17jb0iO+KsDFaV54xGIxio="},"chainType":1,"messageKeys":{}}}}},"version":"v1"}