{"_sessions":{"BdGluQG+epxfcNJ4dJ2bvtwsdWKycLzn8WqfJ6+oNxMR":{"registrationId":1445727507,"currentRatchet":{"ephemeralKeyPair":{"pubKey":"BXr0fgnN5sdoAfMcxCuIxozSmqB4rJ27fO2lJCukmC9V","privKey":"CPyk/pIjJrlZBUG9y0LSL9avqjCIWTO/grbbp9K2G3Y="},"lastRemoteEphemeralKey":"BYTXACZnHYvnT9aYheJBSgGdhl0YzQq+F46kAsjTmeM8","previousCounter":0,"rootKey":"e1x9YJQxo7Tzf68p86qe+MitWkgtnvbt+PAPb0GrLBc="},"indexInfo":{"baseKey":"BdGluQG+epxfcNJ4dJ2bvtwsdWKycLzn8WqfJ6+oNxMR","baseKeyType":1,"closed":-1,"used":1682820082937,"created":1682820082937,"remoteIdentityKey":"BdxcgKAg/kcCeng9cYuknbKG/SMbrChRAR65Sy6xPfE+"},"_chains":{"BXr0fgnN5sdoAfMcxCuIxozSmqB4rJ27fO2lJCukmC9V":{"chainKey":{"counter":4,"key":"V7amutYfM8fOItFDBOHP7GgisrXH3cg95lJoLeI33dc="},"chainType":1,"messageKeys":{}}},"pendingPreKey":{"signedKeyId":0,"baseKey":"BdGluQG+epxfcNJ4dJ2bvtwsdWKycLzn8WqfJ6+oNxMR"}}},"version":"v1"}