{"_sessions":{"Bc0COWcaE9GThQsWEJitxCrFRpsmOJtQX+O/5+UfUgJ9":{"registrationId":235681252,"currentRatchet":{"ephemeralKeyPair":{"pubKey":"BVqrzf27KwiEXzxbs4gqDdgMhyAnFREknddfnNXvcL9B","privKey":"aEGcchz3hYCMpzotAfxiEdd25cATIRH2uV1AoU7RBHI="},"lastRemoteEphemeralKey":"BRIDxMKQQqnUEh16M7HdKVEwKeyjbFN55W+T+jOJUPpC","previousCounter":1,"rootKey":"JjcOcjS2yWXDaDlRyL9/otREMBqDfg2t2ro6JBYMYYE="},"indexInfo":{"baseKey":"Bc0COWcaE9GThQsWEJitxCrFRpsmOJtQX+O/5+UfUgJ9","baseKeyType":2,"closed":1682820085949,"used":1682819823111,"created":1682819769844,"remoteIdentityKey":"BaweyqVl71u0FNegNU8wPOeP5LHOSC2pQVlM4S0HyocH"},"_chains":{"BdcSrqk6ViHonU4l9ykH9n1c82qvSLxRRymlj9UP7IlF":{"chainKey":{"counter":6},"chainType":2,"messageKeys":{}},"BRIDxMKQQqnUEh16M7HdKVEwKeyjbFN55W+T+jOJUPpC":{"chainKey":{"counter":1,"key":"EtDL88Vxh6VeAiN0RYhS3tx+GGenkDYan/Y5TXv8sno="},"chainType":2,"messageKeys":{}},"BVqrzf27KwiEXzxbs4gqDdgMhyAnFREknddfnNXvcL9B":{"chainKey":{"counter":2,"key":"7V+5MhuPiLgOLvT8YsoOHWtWpdjfS6IRgkvx1L5R1YQ="},"chainType":1,"messageKeys":{}}}},"BUAnNrwoYoIaz57LGVzO2kAajhNFKLOcrReiv7rQqhss":{"registrationId":235681252,"currentRatchet":{"ephemeralKeyPair":{"pubKey":"BaDgkKELD/L4Enh5ctsLzGxCcsOB75wJKlsAKXgNBNkk","privKey":"iGkOqnYMnI/vhUZJyV0a6S4hfleDgZRTlVbgnu38yF4="},"lastRemoteEphemeralKey":"BXO+xNNlzgxxMfnuDlmU9tdgefTL2LPmDF9twcQnRJ0F","previousCounter":0,"rootKey":"1Z7IF+ZDyMdJFbnsDZjYmAFaVnXkLIT54kp41E4M4JI="},"indexInfo":{"baseKey":"BUAnNrwoYoIaz57LGVzO2kAajhNFKLOcrReiv7rQqhss","baseKeyType":1,"closed":1682820086936,"used":1682820085912,"created":1682820085912,"remoteIdentityKey":"BaweyqVl71u0FNegNU8wPOeP5LHOSC2pQVlM4S0HyocH"},"_chains":{"BaDgkKELD/L4Enh5ctsLzGxCcsOB75wJKlsAKXgNBNkk":{"chainKey":{"counter":-1,"key":"pbmOX7ShgJfD+Fgan5p3XwZKCSp+fBdMinGecQSMUvc="},"chainType":1,"messageKeys":{}}},"pendingPreKey":{"signedKeyId":0,"baseKey":"BUAnNrwoYoIaz57LGVzO2kAajhNFKLOcrReiv7rQqhss","preKeyId":10060578}},"BXyU9JPmq/StGc1ALqMEkbUABWtljkNL8TqneMhgEEB+":{"registrationId":235681252,"currentRatchet":{"ephemeralKeyPair":{"pubKey":"BYB+X0wM4pI+XT4pijvJvENgHymgR7eVHC6ZiGUNCe4B","privKey":"aHM6VZY82BRIJmUqIAm6akbMV+iXFboGPR0E4vvSpGw="},"lastRemoteEphemeralKey":"BQEQy52rhZtz2dUlCc/waaQkxoQCJrap0+es5ySqQx1d","previousCounter":0,"rootKey":"9f6pJyE1gHv61olEdBoe62Nl6oF4C3Mrowmz0VAQOrE="},"indexInfo":{"baseKey":"BXyU9JPmq/StGc1ALqMEkbUABWtljkNL8TqneMhgEEB+","baseKeyType":1,"closed":1682857903256,"used":1682857105286,"created":1682820086924,"remoteIdentityKey":"BaweyqVl71u0FNegNU8wPOeP5LHOSC2pQVlM4S0HyocH"},"_chains":{"BTZk4q0KcvUvXCICa963muuqEHv84vohfD01udonRZ8r":{"chainKey":{"counter":0},"chainType":2,"messageKeys":{}},"BQEQy52rhZtz2dUlCc/waaQkxoQCJrap0+es5ySqQx1d":{"chainKey":{"counter":0,"key":"joteqx4vs1RWIyt5T5qcKCngN4DWpvH1x82Mj/iunW4="},"chainType":2,"messageKeys":{}},"BYB+X0wM4pI+XT4pijvJvENgHymgR7eVHC6ZiGUNCe4B":{"chainKey":{"counter":10,"key":"Z6fvr1OpY96XTbmVbMrXQdD8YGNm4Iu6aNKsK+imSJ0="},"chainType":1,"messageKeys":{}}}},"BVqvrG96RJ6ohrPXCsIE91mykd3Iip43kQYDr1s+o9kW":{"registrationId":235681252,"currentRatchet":{"ephemeralKeyPair":{"pubKey":"BR0uEI0t332UQJgkWY1xzFx7jID6xHMj48jbeTNcFnlD","privKey":"UMw8crzTUsh/Nnc4XN6HUOqZ63JwLxnPS2NmJ1SA+Uk="},"lastRemoteEphemeralKey":"BXO+xNNlzgxxMfnuDlmU9tdgefTL2LPmDF9twcQnRJ0F","previousCounter":0,"rootKey":"UGjRBw/mvdhAfPvNsxNQ5RlCp7rpjVLDjIBvSCCMbOw="},"indexInfo":{"baseKey":"BVqvrG96RJ6ohrPXCsIE91mykd3Iip43kQYDr1s+o9kW","baseKeyType":1,"closed":1682857904849,"used":1682857903199,"created":1682857903199,"remoteIdentityKey":"BaweyqVl71u0FNegNU8wPOeP5LHOSC2pQVlM4S0HyocH"},"_chains":{"BR0uEI0t332UQJgkWY1xzFx7jID6xHMj48jbeTNcFnlD":{"chainKey":{"counter":-1,"key":"DPWQYD/in2g7pu5Blh0xqYhDu1r/R5erzSmgcVo1lXE="},"chainType":1,"messageKeys":{}}},"pendingPreKey":{"signedKeyId":0,"baseKey":"BVqvrG96RJ6ohrPXCsIE91mykd3Iip43kQYDr1s+o9kW","preKeyId":10060913}},"BZaNyY0yOJG3Viv5jz4QIGfMxGvaIKSaxXLvaLFJaU4W":{"registrationId":235681252,"currentRatchet":{"ephemeralKeyPair":{"pubKey":"BZK/B93iPJmfoUBpBoQyErigUsV0FsMix9QAdJ/ii2Zi","privKey":"aHunsKE+nKmFQrIbYgptH3IhcUodgoamQNc/GTzRekY="},"lastRemoteEphemeralKey":"BXO+xNNlzgxxMfnuDlmU9tdgefTL2LPmDF9twcQnRJ0F","previousCounter":0,"rootKey":"SXeMnFbc3Ns4PboFzgk/JTig9XMXglMKcJPQN3uOfKo="},"indexInfo":{"baseKey":"BZaNyY0yOJG3Viv5jz4QIGfMxGvaIKSaxXLvaLFJaU4W","baseKeyType":1,"closed":-1,"used":1682857904830,"created":1682857904830,"remoteIdentityKey":"BaweyqVl71u0FNegNU8wPOeP5LHOSC2pQVlM4S0HyocH"},"_chains":{"BZK/B93iPJmfoUBpBoQyErigUsV0FsMix9QAdJ/ii2Zi":{"chainKey":{"counter":1,"key":"4FLfm+WJlpCcQREEUEYCaUdcVxoytfmztyOBv8fJ2KE="},"chainType":1,"messageKeys":{}}},"pendingPreKey":{"signedKeyId":0,"baseKey":"BZaNyY0yOJG3Viv5jz4QIGfMxGvaIKSaxXLvaLFJaU4W","preKeyId":10060846}}},"version":"v1"}