{"_sessions":{"Bb9cJlYFadv66DJBZBoCsx5haWvNN7n69Fq30yuXtrQu":{"registrationId":197,"currentRatchet":{"ephemeralKeyPair":{"pubKey":"BVXjGNataM2lVR8Px9qMg5DNfrj6DHST6rfSyZ3cqtcL","privKey":"SFG8E9UFcFxzOkL88GEmB1D1QBatN9zLb2SNqCc0K34="},"lastRemoteEphemeralKey":"BV5fGEARWcQ86523tvOzdVA+5dSiMS9NzsFTtwmOLiI2","previousCounter":0,"rootKey":"FgGgIGDvVFdik3IxMwSTdNNTSh8x1NQ63uVdeaXo04g="},"indexInfo":{"baseKey":"Bb9cJlYFadv66DJBZBoCsx5haWvNN7n69Fq30yuXtrQu","baseKeyType":1,"closed":-1,"used":1682820082274,"created":1682820082274,"remoteIdentityKey":"BQT4VYrCQ5wQSDMAS6RfRxTuSCtRNH1a4a/nsciNbjd0"},"_chains":{"BVXjGNataM2lVR8Px9qMg5DNfrj6DHST6rfSyZ3cqtcL":{"chainKey":{"counter":4,"key":"SxR5z1PI89daicyZYO6feFmTdV4gib/UQW0G7aBfvCo="},"chainType":1,"messageKeys":{}}},"pendingPreKey":{"signedKeyId":1,"baseKey":"Bb9cJlYFadv66DJBZBoCsx5haWvNN7n69Fq30yuXtrQu"}}},"version":"v1"}