{"_sessions":{"BbPhYegkVEeAUvDhokzs62M/9Vod9UW/+LQuVIKqsro+":{"registrationId":2105151206,"currentRatchet":{"ephemeralKeyPair":{"pubKey":"Bb6XXh8VbBw+eiu9V+IoumHCT/lNmRAOhWzoBZNezqwk","privKey":"eFV1FiemJloqaS1dgqTVJ9YvoWt4XuVPrGkJEJMc5m8="},"lastRemoteEphemeralKey":"BRVEH9piuMAAPZg7160RTCHgYfL8VckHr3FLJN6nHTJI","previousCounter":0,"rootKey":"R1NJUx6NR/ew4Mg14TPzioSR4oorgEvhfrt4OKZBGBs="},"indexInfo":{"baseKey":"BbPhYegkVEeAUvDhokzs62M/9Vod9UW/+LQuVIKqsro+","baseKeyType":1,"closed":-1,"used":1682820082613,"created":1682820082613,"remoteIdentityKey":"Bfqk92lq4ixbFkxbHp/S+mPH11okjwJ0cZPxKPJkF8YP"},"_chains":{"Bb6XXh8VbBw+eiu9V+IoumHCT/lNmRAOhWzoBZNezqwk":{"chainKey":{"counter":4,"key":"njZQKOMb4G1HXXOqDQa3/Ns9OUfcoIqp8ccbV9mQHuY="},"chainType":1,"messageKeys":{}}},"pendingPreKey":{"signedKeyId":0,"baseKey":"BbPhYegkVEeAUvDhokzs62M/9Vod9UW/+LQuVIKqsro+","preKeyId":14060921}}},"version":"v1"}