{"_sessions":{"BeKpyA8K8FlIsF1YGJ+sv/6C4iH+dMroudmDZAsD00x0":{"registrationId":1857458927,"currentRatchet":{"ephemeralKeyPair":{"pubKey":"BT17Rd/BTQWdlofso9z1kI3gLl822t0+Qf2jONETM3FZ","privKey":"iG4ml5zVTUNQhf3dnWtfTfoFplb1r4+AocBPRgJrjWc="},"lastRemoteEphemeralKey":"BfPtWLwAaS98UwCiYecYDGudC3hm4bIO6VB5X0pmS9gp","previousCounter":1,"rootKey":"p+lWHby1JwBCMrDQS2BmhschKUu/pvXMfR7S9m57r+s="},"indexInfo":{"baseKey":"BeKpyA8K8FlIsF1YGJ+sv/6C4iH+dMroudmDZAsD00x0","baseKeyType":1,"closed":-1,"used":1682857105971,"created":1682820082574,"remoteIdentityKey":"BRZkO0ROgI1CMEQgEC4coL6inAgM9lsa2dz9VQcbnOcC"},"_chains":{"BfPtWLwAaS98UwCiYecYDGudC3hm4bIO6VB5X0pmS9gp":{"chainKey":{"counter":0,"key":"pdSeGlih1Eslfg90+pyMfgHB2Lwm1SIh+aovUjbhLP0="},"chainType":2,"messageKeys":{}},"BT17Rd/BTQWdlofso9z1kI3gLl822t0+Qf2jONETM3FZ":{"chainKey":{"counter":2,"key":"ynZD4suhdIy1QOyStcXElar2B4hyu8xFhBs2f17Y09E="},"chainType":1,"messageKeys":{}}}}},"version":"v1"}