{"_sessions":{"BYFE6HFqUlLIalajWNo/24t35YNsE2fyeC0hLkHdEqsa":{"registrationId":1763811249,"currentRatchet":{"ephemeralKeyPair":{"pubKey":"BaK8DyEE6D4MaNg8G28jWPvodqOby4HGsL0CLd+Xd5sI","privKey":"kKIJvIFEOAedrY+WM8xk7FAF/K1Xf1nxypCEPYpzoVA="},"lastRemoteEphemeralKey":"Bb+iXQqZgzju4IdAzHTyvsR34y53zHRF5XnotlY4NetM","previousCounter":0,"rootKey":"Z/1zHwv0tXNltDRGPl3id4N43HYNOl9qa4YNfWe0Vug="},"indexInfo":{"baseKey":"BYFE6HFqUlLIalajWNo/24t35YNsE2fyeC0hLkHdEqsa","baseKeyType":1,"closed":-1,"used":1682820082644,"created":1682820082644,"remoteIdentityKey":"BQLQQrHzMgybek3qa7X8PQ5U+NaTDf31vYQ7UrZk2BVW"},"_chains":{"BaK8DyEE6D4MaNg8G28jWPvodqOby4HGsL0CLd+Xd5sI":{"chainKey":{"counter":4,"key":"ExgxNaVWH+ufI170bHm8m3jPOk/k38/v/CAuYNFMvdg="},"chainType":1,"messageKeys":{}}},"pendingPreKey":{"signedKeyId":0,"baseKey":"BYFE6HFqUlLIalajWNo/24t35YNsE2fyeC0hLkHdEqsa"}}},"version":"v1"}