{"_sessions":{"BZZKXje1gpibj4+b5/6GOT25sy3/f+c23V8fa92oGmsg":{"registrationId":355469612,"currentRatchet":{"ephemeralKeyPair":{"pubKey":"BZ/7Cr69rZsjqBpiYrgNeYAh34re9h8g94gKpJPQgIJy","privKey":"IPubhbDjOvGuQpTaAoUwQZ5y0k3+xAS4dnZhhidDI0k="},"lastRemoteEphemeralKey":"BeCRRFGP6yCUmi33uRo6aoDT3y+POYFltxyYmTllCGwW","previousCounter":0,"rootKey":"RN80ISHFGJ5isCw3AHxXsaRTvSCyhiKbb7rroROKtH4="},"indexInfo":{"baseKey":"BZZKXje1gpibj4+b5/6GOT25sy3/f+c23V8fa92oGmsg","baseKeyType":1,"closed":-1,"used":1682820082878,"created":1682820082878,"remoteIdentityKey":"BcvsMHAHifUXVncQIGydRfgLjVU2PSEts3yFxnRZ4aMV"},"_chains":{"BZ/7Cr69rZsjqBpiYrgNeYAh34re9h8g94gKpJPQgIJy":{"chainKey":{"counter":4,"key":"UjDSTMpSOL7gfkm/lWqpOF1Bz113g/wxF+b9K8klehM="},"chainType":1,"messageKeys":{}}},"pendingPreKey":{"signedKeyId":1,"baseKey":"BZZKXje1gpibj4+b5/6GOT25sy3/f+c23V8fa92oGmsg","preKeyId":3524813}}},"version":"v1"}