{"_sessions":{"BXB9pzoxOCu8YQ96cGK8Ykt1fGMB7uSOXs+wg+qeDZ96":{"registrationId":1189133921,"currentRatchet":{"ephemeralKeyPair":{"pubKey":"BRYHqYNgA4sgIrz8cTLLeWzS2Mduy/jrGzemxZwbXwJa","privKey":"SPgfupgGgt913fCKaYwqY7GKS5lw+1/wnybcuuHnT3s="},"lastRemoteEphemeralKey":"BXCBAIxEPOeQlg0eSDNBKjIkjd+GbYWZEX4fqe9qeIdX","previousCounter":1,"rootKey":"we8sWn4u7S1S/kAS9aOUxT5bSaAQHMv6VDrVPf2c5fQ="},"indexInfo":{"baseKey":"BXB9pzoxOCu8YQ96cGK8Ykt1fGMB7uSOXs+wg+qeDZ96","baseKeyType":1,"closed":-1,"used":1682857105653,"created":1682820082905,"remoteIdentityKey":"BY7GIfQfiKUE1xYUITKzdkdapN20xuEKQUKCW/7lkJAa"},"_chains":{"BXCBAIxEPOeQlg0eSDNBKjIkjd+GbYWZEX4fqe9qeIdX":{"chainKey":{"counter":1,"key":"kF0QpvXWx4JKNbYvn/kwjEE6LbgayfKw3DryeKoR3bg="},"chainType":2,"messageKeys":{}},"BRYHqYNgA4sgIrz8cTLLeWzS2Mduy/jrGzemxZwbXwJa":{"chainKey":{"counter":2,"key":"lltCh+vzVLLw84GGP+296kLGfV2o147XMTYeD/nF7Uk="},"chainType":1,"messageKeys":{}}}}},"version":"v1"}