{"_sessions":{"BfcgnJ7fes+z+OYOKEFYQfNhL4F3c1JMkEEzPmHgRRFn":{"registrationId":999842366,"currentRatchet":{"ephemeralKeyPair":{"pubKey":"BehBI8nV26kAKQGRXb4PsODx4iq6ZVFivGyP/hzy3U8Z","privKey":"gGIVaxEDwfUl7EatpFG4uOcljHWHt18yAFTub2HN5GQ="},"lastRemoteEphemeralKey":"BW+IDZ9R2OpgRQDdQqL3wmNwwCFttBp/TOayCQuL3/RX","previousCounter":0,"rootKey":"MXciMozdJqzzQyBYq53aYj/Ly5flbn1F2AacU1L0pWk="},"indexInfo":{"baseKey":"BfcgnJ7fes+z+OYOKEFYQfNhL4F3c1JMkEEzPmHgRRFn","baseKeyType":1,"closed":-1,"used":1682820082981,"created":1682820082981,"remoteIdentityKey":"BVo+78evu0va3LO2lxLXpHB9Npz91CXXGXmQyGf0PfFi"},"_chains":{"BehBI8nV26kAKQGRXb4PsODx4iq6ZVFivGyP/hzy3U8Z":{"chainKey":{"counter":4,"key":"eairgfNuay0wBNwvCjiK2kF2ub75KtR36T5NuhSK2uk="},"chainType":1,"messageKeys":{}}},"pendingPreKey":{"signedKeyId":13,"baseKey":"BfcgnJ7fes+z+OYOKEFYQfNhL4F3c1JMkEEzPmHgRRFn","preKeyId":9189285}}},"version":"v1"}