{"_sessions":{"BdmB6Uf80iVVHiErwHGyc4iEALlorfu7HU7g4WkVWFsk":{"registrationId":1264235729,"currentRatchet":{"ephemeralKeyPair":{"pubKey":"BcmiE12sgbG4dl7UXlzElUht5RK/P2871LQJQcYTChgq","privKey":"UHFUfm/h7uMiZii5HpcjVX5udExRdFDWc9hLznlzzUY="},"lastRemoteEphemeralKey":"BVzR0GiAs7DGJ4wBVxF9w6TGvvTrVrDKAUrXJhvJBQ4d","previousCounter":0,"rootKey":"huBSmCnKGwaL1OUaVSqq84YGnvtSomoS+SM2CU1omgM="},"indexInfo":{"baseKey":"BdmB6Uf80iVVHiErwHGyc4iEALlorfu7HU7g4WkVWFsk","baseKeyType":1,"closed":-1,"used":1682820082557,"created":1682820082557,"remoteIdentityKey":"BWjxGAlN45KLLyR9Xceum22pxwIYqt7cpLrZvM3Zj0k5"},"_chains":{"BcmiE12sgbG4dl7UXlzElUht5RK/P2871LQJQcYTChgq":{"chainKey":{"counter":4,"key":"uPGilAv2NU4sDRIvq+JaqNTQxHqzrb/F7AisJG5XIJs="},"chainType":1,"messageKeys":{}}},"pendingPreKey":{"signedKeyId":1,"baseKey":"BdmB6Uf80iVVHiErwHGyc4iEALlorfu7HU7g4WkVWFsk","preKeyId":16241869}}},"version":"v1"}