{"_sessions":{"Bf+MhRErJzPTk4UGSnyMv+jRM9F7C9osGSN4Q4rs1/IO":{"registrationId":1933850054,"currentRatchet":{"ephemeralKeyPair":{"pubKey":"BTe8v6kM/lSgSB2SrFVy3zMrJqQO46aOz10NGgBEiStK","privKey":"MPApGN3Y8gwyv/0I+D0UfEoYfQxVvtnEHYu6OHyJRH0="},"lastRemoteEphemeralKey":"Be9FpmDLbvItvVZfGJy2CSh3l8ZR3QOh+CZI562HYNBy","previousCounter":0,"rootKey":"V4IYaVijqOsxPHT+HGhG+mkkYT/ybvHrKy29+gY827Y="},"indexInfo":{"baseKey":"Bf+MhRErJzPTk4UGSnyMv+jRM9F7C9osGSN4Q4rs1/IO","baseKeyType":1,"closed":-1,"used":1682820082851,"created":1682820082851,"remoteIdentityKey":"BdmPJlZNsrggEcuwqt1C6vkwUaZDrL/QjzPQRvDq5YJA"},"_chains":{"BTe8v6kM/lSgSB2SrFVy3zMrJqQO46aOz10NGgBEiStK":{"chainKey":{"counter":4,"key":"NcEtmD/PgTCPoyvu3LeiSuicuCv4GcoWdVVGJ70SF3A="},"chainType":1,"messageKeys":{}}},"pendingPreKey":{"signedKeyId":1,"baseKey":"Bf+MhRErJzPTk4UGSnyMv+jRM9F7C9osGSN4Q4rs1/IO","preKeyId":8235351}}},"version":"v1"}