{"_sessions":{"BfKk7suXnGFg8C0V70kEPxaVVrMZH6/S9vg8gYngGAF8":{"registrationId":1553985990,"currentRatchet":{"ephemeralKeyPair":{"pubKey":"BRPUgl/ox3cPm1Da9wLotzAfnVlEcTljYQhfwtY+cAhq","privKey":"GLOv60H+X8Cge9z34pxrevNW9wWBb+LpSr3inaerak4="},"lastRemoteEphemeralKey":"BQoGxrbRIDCnn7pTjlPse4IJ4Okmey4QiqJwZ2ER9Y5m","previousCounter":0,"rootKey":"82xRLuGaKMFXPeZ91NtxNI0Brg6dGs9cBamzM/GEKRY="},"indexInfo":{"baseKey":"BfKk7suXnGFg8C0V70kEPxaVVrMZH6/S9vg8gYngGAF8","baseKeyType":1,"closed":-1,"used":1682820083309,"created":1682820083309,"remoteIdentityKey":"BUHyxBWKPEH6SP3FkI2fWFvA2gVea63kBZpXQV61D7Vg"},"_chains":{"BRPUgl/ox3cPm1Da9wLotzAfnVlEcTljYQhfwtY+cAhq":{"chainKey":{"counter":4,"key":"yWM96WBMogcg0apQotUeaCFt8lYijPWpRZX+3NemGg8="},"chainType":1,"messageKeys":{}}},"pendingPreKey":{"signedKeyId":1,"baseKey":"BfKk7suXnGFg8C0V70kEPxaVVrMZH6/S9vg8gYngGAF8"}}},"version":"v1"}