{"_sessions":{"BbO6TmFxjmmfPgA+2HjAOJoqpxnGTeZduHEvIf1vvtcI":{"registrationId":119,"currentRatchet":{"ephemeralKeyPair":{"pubKey":"BTZGyGX2jbXZVs8vIGjcEgcIP0sAEWOzBGbg3s6i9FA5","privKey":"0NhUs8JUvson/c5y8ZDx19Ydst7sjsE6eo406A3LKEQ="},"lastRemoteEphemeralKey":"BeNr1rwOJQasPJlcgMNW7mkUztTHm+lhx+U3Wa5zuWxD","previousCounter":0,"rootKey":"6VSG3TED2o/5DL35siXqMEw5ziy77h/uoVeSXikPIPE="},"indexInfo":{"baseKey":"BbO6TmFxjmmfPgA+2HjAOJoqpxnGTeZduHEvIf1vvtcI","baseKeyType":1,"closed":-1,"used":1682857114356,"created":1682857114356,"remoteIdentityKey":"BSEz4LzuSC+2j4F+Sen1dF0UL8dSYVoxBaiNfigU/io2"},"_chains":{"BTZGyGX2jbXZVs8vIGjcEgcIP0sAEWOzBGbg3s6i9FA5":{"chainKey":{"counter":2,"key":"LXom2XPoQVpitcthWcSvCJxo/8vf2FsNAqjnzIE6xv8="},"chainType":1,"messageKeys":{}}},"pendingPreKey":{"signedKeyId":1,"baseKey":"BbO6TmFxjmmfPgA+2HjAOJoqpxnGTeZduHEvIf1vvtcI","preKeyId":18}}},"version":"v1"}