{"_sessions":{"BW2HdmARRObKwWQj7EX19IV8bXOsY9WwYHNT88Mi+aYx":{"registrationId":52,"currentRatchet":{"ephemeralKeyPair":{"pubKey":"Bdhe6Z4GWohHpSV9TLb5/12kS+zoanzzTV/1m+nR0wtV","privKey":"aOuEbRyJXcuYKOgqTwAT6AN7h8hb4srClXQUWk/XwXc="},"lastRemoteEphemeralKey":"BSsw3rKZEUKv9BLr+Cvg5zwEA0dYYmOrcnkqaUx6SQh3","previousCounter":0,"rootKey":"UWgLOUQbha+M2zzxrVak4nPVkQXS0MELy8hX3Z3Fg8I="},"indexInfo":{"baseKey":"BW2HdmARRObKwWQj7EX19IV8bXOsY9WwYHNT88Mi+aYx","baseKeyType":1,"closed":-1,"used":1682820082219,"created":1682820082219,"remoteIdentityKey":"BZW3OBEpc6N6csTTD88mDOPqGrsKXG+6iZbufBXhISZd"},"_chains":{"Bdhe6Z4GWohHpSV9TLb5/12kS+zoanzzTV/1m+nR0wtV":{"chainKey":{"counter":4,"key":"vC+6XGEzYPPPRIpFmz2dZTIY9/9ytWSaPwO8DNaXPVw="},"chainType":1,"messageKeys":{}}},"pendingPreKey":{"signedKeyId":1,"baseKey":"BW2HdmARRObKwWQj7EX19IV8bXOsY9WwYHNT88Mi+aYx"}}},"version":"v1"}