{"_sessions":{"BePT6+nv7JsqXlw/Jk80YxoVcmZEWuzskJwQETZ3phxh":{"registrationId":1454390100,"currentRatchet":{"ephemeralKeyPair":{"pubKey":"BVfPdnEx4/oWiGv5/2n0We8jl4vFqMezKdg7AACe8AxS","privKey":"ULL/GzYBVGOkW9bbVT/T+tY1Cjvg/dO+nCU+3vsgg1I="},"lastRemoteEphemeralKey":"BR30kqCZohkYY1bS3tGDhB0XogopmMus98/ZjhawLz0k","previousCounter":0,"rootKey":"AFwMUGG5mJZUMzotp0Ok2sbbf0IGkgAjAjWY/uhzcFE="},"indexInfo":{"baseKey":"BePT6+nv7JsqXlw/Jk80YxoVcmZEWuzskJwQETZ3phxh","baseKeyType":1,"closed":-1,"used":1682820083109,"created":1682820083109,"remoteIdentityKey":"BTEwfBTLVH+DmAaVR34MV4NX6/QScdPiMTfGSzt+mzhq"},"_chains":{"BVfPdnEx4/oWiGv5/2n0We8jl4vFqMezKdg7AACe8AxS":{"chainKey":{"counter":4,"key":"vr2xEIPLMShEuA1Z8+q/llGFuI3AlLwtz6qL8+EWxro="},"chainType":1,"messageKeys":{}}},"pendingPreKey":{"signedKeyId":7,"baseKey":"BePT6+nv7JsqXlw/Jk80YxoVcmZEWuzskJwQETZ3phxh","preKeyId":16578805}}},"version":"v1"}