{"_sessions":{"Bcek0trcVU37tQogBiweVP1jFxHobc271McPSaoHh6gE":{"registrationId":2,"currentRatchet":{"ephemeralKeyPair":{"pubKey":"BUhlK7llrA738ug1+a1N4vZnKeLdqfM97eQ5WmROeQE8","privKey":"+EVQscQLGhv7lsKtgqDdZtvzp3AMNGNlz7C3IztaD0c="},"lastRemoteEphemeralKey":"BdpQKIzLlXEkDWZbu/8s16UD/Gfs3WqosQ2EE3YwpRR+","previousCounter":0,"rootKey":"OBX86VLkZ9lh/clwjGpgS03icnRvDG3gpTbb8/LXyiQ="},"indexInfo":{"baseKey":"Bcek0trcVU37tQogBiweVP1jFxHobc271McPSaoHh6gE","baseKeyType":1,"closed":-1,"used":1682820082343,"created":1682820082343,"remoteIdentityKey":"BXR5z92EZrXS0Q2u8Cm5+cIfpw9Espunxn6PakRjMZFE"},"_chains":{"BUhlK7llrA738ug1+a1N4vZnKeLdqfM97eQ5WmROeQE8":{"chainKey":{"counter":4,"key":"0N0z2j0yzSHbjvHIgYEA7EIHXh4/kRk0xz7mj102DOc="},"chainType":1,"messageKeys":{}}},"pendingPreKey":{"signedKeyId":1,"baseKey":"Bcek0trcVU37tQogBiweVP1jFxHobc271McPSaoHh6gE"}}},"version":"v1"}