{"_sessions":{"BRrpVGDh6Y02Pm5+ALAk3R116HhAincS6unLlTope0MM":{"registrationId":373748545,"currentRatchet":{"ephemeralKeyPair":{"pubKey":"BTzlWUNTOPOSPq15eB1lspwhUpqLQ8+dMWtWY7yZb49J","privKey":"6BJipxl1FYAy1hI4b1LTlSAZbzikAqwjGykMy7YMd1c="},"lastRemoteEphemeralKey":"BVB+fff32d/XMhfWd55KoEjNNxbASmph9OO0RCIwl2hK","previousCounter":0,"rootKey":"q/Lmo+f4Hin0lNz3MJOlqyc9XPEx4JJSp7AI+IsSqm4="},"indexInfo":{"baseKey":"BRrpVGDh6Y02Pm5+ALAk3R116HhAincS6unLlTope0MM","baseKeyType":1,"closed":-1,"used":1682820082684,"created":1682820082684,"remoteIdentityKey":"BQKTEW8a3e0bPDsjidO2Z2t4s49qt5TrMIYD1aCB2oNH"},"_chains":{"BTzlWUNTOPOSPq15eB1lspwhUpqLQ8+dMWtWY7yZb49J":{"chainKey":{"counter":4,"key":"VoM0AFCmXqEaJ/JAprzkf1lUFs01DlCM8uT4jrwHo7I="},"chainType":1,"messageKeys":{}}},"pendingPreKey":{"signedKeyId":0,"baseKey":"BRrpVGDh6Y02Pm5+ALAk3R116HhAincS6unLlTope0MM","preKeyId":10811725}}},"version":"v1"}