{"_sessions":{"Bd6e5GfGyPNrF5JFfGPQRzWGr0kR9ppYvDQrB7JU28sJ":{"registrationId":816421182,"currentRatchet":{"ephemeralKeyPair":{"pubKey":"BRl7t0HQoUXv1x9JJNDBjtcVPva0FtTOsAJFw6l9aH5h","privKey":"SKnK4D6qU0egGLoYnnAusbqLeYHSdGyl3NJhoQrebV4="},"lastRemoteEphemeralKey":"BW56+g3BNZvD6zkErwP5f0guZ3mMQmF2LbSG5hFjXwdz","previousCounter":0,"rootKey":"xw+9dtRjk2dzAQxhHqqfSHEYav/K6MudVFmvRCbs1FU="},"indexInfo":{"baseKey":"Bd6e5GfGyPNrF5JFfGPQRzWGr0kR9ppYvDQrB7JU28sJ","baseKeyType":1,"closed":-1,"used":1682820082549,"created":1682820082549,"remoteIdentityKey":"BV1mwP4I9rjOadbcM8Yd9rYxkdEFIT+aHO4ciAErHgFl"},"_chains":{"BRl7t0HQoUXv1x9JJNDBjtcVPva0FtTOsAJFw6l9aH5h":{"chainKey":{"counter":4,"key":"y1lojtLCjn9l9l5neBE5QeQE7wQ+nohlceYz/djkpy4="},"chainType":1,"messageKeys":{}}},"pendingPreKey":{"signedKeyId":0,"baseKey":"Bd6e5GfGyPNrF5JFfGPQRzWGr0kR9ppYvDQrB7JU28sJ","preKeyId":10653995}}},"version":"v1"}