{"_sessions":{"Ba19ULT1CNny3EVmqq31XYfcBazN/XRQppAmAC4hnkcN":{"registrationId":1784489526,"currentRatchet":{"ephemeralKeyPair":{"pubKey":"BcgnlEClETfsZmRIlDhVS6fJMDBVMaWHr3aKBp8hGOlt","privKey":"wAt/R9h/UTPZTe6/u6Sq/Jzu4FWf3sLq44xtiw0lOHQ="},"lastRemoteEphemeralKey":"BXNxiUEqOns9+ZpTL0ln+McnSuf4inRB+NnFGgB2YWYZ","previousCounter":0,"rootKey":"kywgpq0UylSVxO6bkFjMb9RELHN6pOHMTPXqvQ/CyhI="},"indexInfo":{"baseKey":"Ba19ULT1CNny3EVmqq31XYfcBazN/XRQppAmAC4hnkcN","baseKeyType":1,"closed":-1,"used":1682820082951,"created":1682820082951,"remoteIdentityKey":"BRMQNBpNQ23cfimMHYnPd57wBnwvACi0IJuqGoxTw08I"},"_chains":{"BcgnlEClETfsZmRIlDhVS6fJMDBVMaWHr3aKBp8hGOlt":{"chainKey":{"counter":4,"key":"eG/kbTU9hCaXzswRHqrrWLB9UiJG0x5znZw31cfpzaI="},"chainType":1,"messageKeys":{}}},"pendingPreKey":{"signedKeyId":2,"baseKey":"Ba19ULT1CNny3EVmqq31XYfcBazN/XRQppAmAC4hnkcN","preKeyId":8476211}}},"version":"v1"}