{"_sessions":{"BYHrGvv6fk+yfKK25Liz/Twdibd8bsRZNYShpUYrENUG":{"registrationId":695273910,"currentRatchet":{"ephemeralKeyPair":{"pubKey":"Bfl4irpZAwpPN1UxTzX3hlqMNHIKUSEk4+q/tySP/TRw","privKey":"QBIV4zOuhY8Jk3LOoQlu/RT0YU5h/WLr9050GPfhlVE="},"lastRemoteEphemeralKey":"BS1BIofaxzfP1w7L9Mk2Fb6g818aOcdFhw82QwNpyJ9l","previousCounter":0,"rootKey":"w5dVOyunZAbtIYzfbEdlkVwFdx5ZT5IeWtnVTYEmuwE="},"indexInfo":{"baseKey":"BYHrGvv6fk+yfKK25Liz/Twdibd8bsRZNYShpUYrENUG","baseKeyType":1,"closed":-1,"used":1682820083079,"created":1682820083079,"remoteIdentityKey":"BQsi6TlvEa+XIMfeBP7xW4H9tjw6G6Wg1YLGULVlqW8N"},"_chains":{"Bfl4irpZAwpPN1UxTzX3hlqMNHIKUSEk4+q/tySP/TRw":{"chainKey":{"counter":4,"key":"LIsN4utVpC+UnEp7IoOUEzvV9kIWCkKyJrdNRAWhfD0="},"chainType":1,"messageKeys":{}}},"pendingPreKey":{"signedKeyId":0,"baseKey":"BYHrGvv6fk+yfKK25Liz/Twdibd8bsRZNYShpUYrENUG"}}},"version":"v1"}