{"_sessions":{"BbzM0NDgx15/YVcE49I1IeOkwSRJbWUsQqC+2NpemwUu":{"registrationId":55,"currentRatchet":{"ephemeralKeyPair":{"pubKey":"BVbqQ6fIk12CZ5fi73y7r8NgLRQEi5V6WEnEjztyfKs3","privKey":"eBdk0GpsFOiJV4JzaIpmzgfKFXFwJgMioCYcWEGncGg="},"lastRemoteEphemeralKey":"BXrNHAaXtM2d5GJDw2yWHc7C36lLibDHarU86AjTPeYN","previousCounter":0,"rootKey":"PREO5taKglrM6sldvjdZKFeCWipecH6DvM56gOygd6Q="},"indexInfo":{"baseKey":"BbzM0NDgx15/YVcE49I1IeOkwSRJbWUsQqC+2NpemwUu","baseKeyType":2,"closed":-1,"used":1682820059516,"created":1682820059516,"remoteIdentityKey":"BYpfdCCUlkLA5aAS486zO6AOZKhPVjtvxbB7evokld0C"},"_chains":{"BXrNHAaXtM2d5GJDw2yWHc7C36lLibDHarU86AjTPeYN":{"chainKey":{"counter":0,"key":"AVbm+rZS9XFchcbpqhcc9+KC/l5RObUCUCV986xnfjo="},"chainType":2,"messageKeys":{}},"BVbqQ6fIk12CZ5fi73y7r8NgLRQEi5V6WEnEjztyfKs3":{"chainKey":{"counter":1,"key":"urw3tbb9IMeIggoPFIB2alaJIKjyZuRfWIt7ijIXKqA="},"chainType":1,"messageKeys":{}}}}},"version":"v1"}