{"_sessions":{"BZwQqNKapYBBRvkeCvTrd4h0uKZpLVpinhgjkjiCwGoI":{"registrationId":807934482,"currentRatchet":{"ephemeralKeyPair":{"pubKey":"BfJkxgwJAdAakBUeeEMGfGZ3Ws5g+c//k6c9wQzJwmEC","privKey":"IOqMGSY7Zcq+wNwsHuWXya2QFtoR42RGcM0kxQxvwEM="},"lastRemoteEphemeralKey":"BV+mKAzJELUnICuBoZuvNh1xO2+009tUZmpNxb6czSRW","previousCounter":0,"rootKey":"lLWknfLQldSp9G4YHHkjPB+so2gTC83uLBU7l0bVoCo="},"indexInfo":{"baseKey":"BZwQqNKapYBBRvkeCvTrd4h0uKZpLVpinhgjkjiCwGoI","baseKeyType":1,"closed":-1,"used":1682820082804,"created":1682820082804,"remoteIdentityKey":"BdGvw2OzzPwbzGToLi3DI7BkaY0qrAVx/r80P48DqxYe"},"_chains":{"BfJkxgwJAdAakBUeeEMGfGZ3Ws5g+c//k6c9wQzJwmEC":{"chainKey":{"counter":4,"key":"RcV41gv1wyUn9ATZRyNchlxnzXQYpvSrgk2nmDnwI4M="},"chainType":1,"messageKeys":{}}},"pendingPreKey":{"signedKeyId":0,"baseKey":"BZwQqNKapYBBRvkeCvTrd4h0uKZpLVpinhgjkjiCwGoI","preKeyId":5856367}}},"version":"v1"}