{"_sessions":{"BUwlvRkG7M0Cm4NcoBLGVezt36O3r5bV5zEI7atDwTNU":{"registrationId":240283925,"currentRatchet":{"ephemeralKeyPair":{"pubKey":"BeGu0aqWK29kTBEEAMBG2caBwl0HDRDcyv4vA19bdj5F","privKey":"sIa/5+u9fdy0td36TRS/JFDqV0ostLMMgG7paGgjMnM="},"lastRemoteEphemeralKey":"BTYzVhQzFSVabLi3Bms7VHMSJx5GKkSxfwLbYq+LJTJK","previousCounter":0,"rootKey":"Y0L2FyFpisjRsRSEu7kf5kziRMUHz143BTpLngIzzC4="},"indexInfo":{"baseKey":"BUwlvRkG7M0Cm4NcoBLGVezt36O3r5bV5zEI7atDwTNU","baseKeyType":1,"closed":-1,"used":1682820082479,"created":1682820082479,"remoteIdentityKey":"BfOjQeh4R24JTUbQW0AX9eWxDk4K+PCUTcmhI0PIOCMc"},"_chains":{"BeGu0aqWK29kTBEEAMBG2caBwl0HDRDcyv4vA19bdj5F":{"chainKey":{"counter":4,"key":"m1ZaFS+54XkmpY+69sTruw+EUK1sLFEShqNSSEajYEw="},"chainType":1,"messageKeys":{}}},"pendingPreKey":{"signedKeyId":1,"baseKey":"BUwlvRkG7M0Cm4NcoBLGVezt36O3r5bV5zEI7atDwTNU"}}},"version":"v1"}