{"_sessions":{"BTrmfTbS5argP3eiOxdGxFUMRd4O2SzU1R53dYnIXjEx":{"registrationId":4488,"currentRatchet":{"ephemeralKeyPair":{"pubKey":"BR/u6z3Ojux+Se/rWb5Vup+SnMHs2+tZnFnurwaXwBxW","privKey":"UAdvH4V/vGpMXTE7QRoDm1cAtZWwVarQZIhfOch0ynY="},"lastRemoteEphemeralKey":"BepLY0yMTTqM5WNEcGNV9fpf/TsfVbHQzaAe5KYUl71D","previousCounter":0,"rootKey":"wAu2VqTrLvRNWUTT7ztmi4gFfkZJVw1CRHlfUyntrew="},"indexInfo":{"baseKey":"BTrmfTbS5argP3eiOxdGxFUMRd4O2SzU1R53dYnIXjEx","baseKeyType":1,"closed":-1,"used":1682820082281,"created":1682820082281,"remoteIdentityKey":"BYqDkD/IMm8afNwJ5oPtOhXXjqMupw7JoVqv6+2il9pj"},"_chains":{"BR/u6z3Ojux+Se/rWb5Vup+SnMHs2+tZnFnurwaXwBxW":{"chainKey":{"counter":4,"key":"DOEWQW9MLXyQYaZIQRIbEQ8ArGYOOzbQhJGtIT9wtWM="},"chainType":1,"messageKeys":{}}},"pendingPreKey":{"signedKeyId":5,"baseKey":"BTrmfTbS5argP3eiOxdGxFUMRd4O2SzU1R53dYnIXjEx","preKeyId":235}}},"version":"v1"}