{"_sessions":{"BV1aQQOWXZcmhUPgeZA1RzKDNNUjHoHsLPuH4ZlBx01K":{"registrationId":1363472896,"currentRatchet":{"ephemeralKeyPair":{"pubKey":"BeaCjSN7/Ja5dTU7qpbdjIVrhfW8NOxbcAFdozeDe4ZB","privKey":"uOLOHSY3IXodf6TTqEARy1YczQlBj5yKV7vjy5r5BGc="},"lastRemoteEphemeralKey":"BbnZUrW07H1pzPH1t2r6FoLHs1Vm5FdsnFeX0QUWmsR+","previousCounter":0,"rootKey":"QERLqBCmrGI93t9+ZrRXEZQZpRpckbNrP4gUr8vOcpU="},"indexInfo":{"baseKey":"BV1aQQOWXZcmhUPgeZA1RzKDNNUjHoHsLPuH4ZlBx01K","baseKeyType":1,"closed":-1,"used":1682820082993,"created":1682820082993,"remoteIdentityKey":"BcSI1AOAFgMbTSr9grbWFwMjBbrVwVkn9d/3lKIdrClK"},"_chains":{"BeaCjSN7/Ja5dTU7qpbdjIVrhfW8NOxbcAFdozeDe4ZB":{"chainKey":{"counter":4,"key":"e2GvrM7AQwKsyaL1YiltOXs9fSzYWFoeQfjVx7266hU="},"chainType":1,"messageKeys":{}}},"pendingPreKey":{"signedKeyId":0,"baseKey":"BV1aQQOWXZcmhUPgeZA1RzKDNNUjHoHsLPuH4ZlBx01K"}}},"version":"v1"}