{"_sessions":{"BUThyxXeyQaXr+1tckhVSBhwt2y9BYRNqdBZkdTO0LMs":{"registrationId":1763811249,"currentRatchet":{"ephemeralKeyPair":{"pubKey":"BS4C2+QdtAmGPBa9BGJ4z1Mdni06Kzx3eY0HjblpowRg","privKey":"2A1ra8RfQ6ZmNPEux1cuhSxq+50y652Rodm7fN9GmH8="},"lastRemoteEphemeralKey":"Bb+iXQqZgzju4IdAzHTyvsR34y53zHRF5XnotlY4NetM","previousCounter":0,"rootKey":"TpWHrPX3zNuLmwB4ub/y7T3nNVCnlhEKJVRqrNIGQzs="},"indexInfo":{"baseKey":"BUThyxXeyQaXr+1tckhVSBhwt2y9BYRNqdBZkdTO0LMs","baseKeyType":1,"closed":-1,"used":1682820083259,"created":1682820083259,"remoteIdentityKey":"BQLQQrHzMgybek3qa7X8PQ5U+NaTDf31vYQ7UrZk2BVW"},"_chains":{"BS4C2+QdtAmGPBa9BGJ4z1Mdni06Kzx3eY0HjblpowRg":{"chainKey":{"counter":4,"key":"c2CNVe/St9ih5yLUvt7aXTsSbPYfYh13DLMzpJCrXh0="},"chainType":1,"messageKeys":{}}},"pendingPreKey":{"signedKeyId":0,"baseKey":"BUThyxXeyQaXr+1tckhVSBhwt2y9BYRNqdBZkdTO0LMs","preKeyId":12189592}}},"version":"v1"}