{"_sessions":{"BTiJGM5KzaVSK+xz6P/EX/hrGwuyAaTpA067kViYiXFa":{"registrationId":350081480,"currentRatchet":{"ephemeralKeyPair":{"pubKey":"BcWYv0iS57k5U44JicfDROZWzsGlEleYstJk7sYHqvdo","privKey":"wKO5fT/ZvvhE/kZHX/mjoqSVDKwnzCy3cnlStquviHk="},"lastRemoteEphemeralKey":"BY6gy07wIPSd3O3zOp/27SSN6+3K65wFdFXjq0iSzbVD","previousCounter":0,"rootKey":"bhf0SZjALYKfJhq7fwz4uZWo2tGYrn6oT9vCblCm0oA="},"indexInfo":{"baseKey":"BTiJGM5KzaVSK+xz6P/EX/hrGwuyAaTpA067kViYiXFa","baseKeyType":1,"closed":-1,"used":1682820083058,"created":1682820083058,"remoteIdentityKey":"BeBN7Y6em0kkElc40X0O0Uo83ZiZcYaTMQxkboIFIFZZ"},"_chains":{"BcWYv0iS57k5U44JicfDROZWzsGlEleYstJk7sYHqvdo":{"chainKey":{"counter":4,"key":"S5poEU3LX6sTbR8PbZWRYLih1cSWyJOOpALOeDf9iR0="},"chainType":1,"messageKeys":{}}},"pendingPreKey":{"signedKeyId":3,"baseKey":"BTiJGM5KzaVSK+xz6P/EX/hrGwuyAaTpA067kViYiXFa"}}},"version":"v1"}