{"_sessions":{"BWRdXwxUX7PLVGgjoWc9nzQj1nYAFp+PFHvh/uMv2/sf":{"registrationId":638360246,"currentRatchet":{"ephemeralKeyPair":{"pubKey":"BZbjY0gam13a19adSdPicfqnZIBdoF9joCJO5cQXreM4","privKey":"2LfW9A8XXcVhhP1EuMhc80QpJmR7KyU+GAVdbVGcWFg="},"lastRemoteEphemeralKey":"BYtjxgK+DhpPGnjtz0UDDGvuXhFRaFai4Da5+nU8WbBA","previousCounter":0,"rootKey":"8vDFTYVCYacFTIQm/8ios1HJTsNDVWeVfVf5Aqjvo30="},"indexInfo":{"baseKey":"BWRdXwxUX7PLVGgjoWc9nzQj1nYAFp+PFHvh/uMv2/sf","baseKeyType":1,"closed":-1,"used":1682820083290,"created":1682820083290,"remoteIdentityKey":"BaOUHaejDDtyye2xEv9kM8/dtA5UwRG9yKG/p9gsIt0L"},"_chains":{"BZbjY0gam13a19adSdPicfqnZIBdoF9joCJO5cQXreM4":{"chainKey":{"counter":4,"key":"E84stICUBO/zQkvLGFBxab9ffkXPNjJkeNuRaj7p7h4="},"chainType":1,"messageKeys":{}}},"pendingPreKey":{"signedKeyId":6,"baseKey":"BWRdXwxUX7PLVGgjoWc9nzQj1nYAFp+PFHvh/uMv2/sf","preKeyId":12376921}}},"version":"v1"}