{"_sessions":{"BXoClIgQb6ZIYp4BVGQGEQUOeKEK8fOVSSHoUu9Z2xAq":{"registrationId":1037250788,"currentRatchet":{"ephemeralKeyPair":{"pubKey":"BYPCeQV0do+9iOmuno+LiB3TfnlrKjSCeyFJpVZrWuNk","privKey":"ONGOQccPyG0Ca62KbsBRvoWIxfVRwD2Rt4j4mDK6BVg="},"lastRemoteEphemeralKey":"BY2DrWk0SOsBT2BknQEbAGyQkUt6hpJPjnz/nOJja/J9","previousCounter":0,"rootKey":"4h29FN3aJEK19CuC6dhHKaAOTuSTH0X7IUzSCWccVuA="},"indexInfo":{"baseKey":"BXoClIgQb6ZIYp4BVGQGEQUOeKEK8fOVSSHoUu9Z2xAq","baseKeyType":1,"closed":-1,"used":1682820082350,"created":1682820082350,"remoteIdentityKey":"BaJMozlFYGe76znAL1bJ3tkxPVC628RNELlOzDZkWGoJ"},"_chains":{"BYPCeQV0do+9iOmuno+LiB3TfnlrKjSCeyFJpVZrWuNk":{"chainKey":{"counter":4,"key":"w1mkIlwUKcejXVUx0R3R/ZtUFXmMfs6SGYO1IxY6mVc="},"chainType":1,"messageKeys":{}}},"pendingPreKey":{"signedKeyId":1,"baseKey":"BXoClIgQb6ZIYp4BVGQGEQUOeKEK8fOVSSHoUu9Z2xAq","preKeyId":579905}}},"version":"v1"}