{"_sessions":{"BUP1zphX/u8nZcL9tR5RqsDEWG77YUPa5ThmfUbBkAYP":{"registrationId":846653505,"currentRatchet":{"ephemeralKeyPair":{"pubKey":"BfoswiXoiSWlu6eMHWGs/lgeLtSX8q0Am0RAv27LTPlq","privKey":"GBnWlOjWhyAnX9Cv0kG4EObQIqICwofLbydGsUTov0c="},"lastRemoteEphemeralKey":"BaFeQcrGEr6Qa4MiafYY8Sya2vwr4z6FJnFNDD2sXDhC","previousCounter":0,"rootKey":"SbogIo4pP9y7gsIZfHI5TFA+hpH90c2IwII2b9Bqheg="},"indexInfo":{"baseKey":"BUP1zphX/u8nZcL9tR5RqsDEWG77YUPa5ThmfUbBkAYP","baseKeyType":1,"closed":-1,"used":1682820082599,"created":1682820082599,"remoteIdentityKey":"BaNZs/nKhbPr81O1SNdGYfqfOSdVxxI75y6ovT6LPx50"},"_chains":{"BfoswiXoiSWlu6eMHWGs/lgeLtSX8q0Am0RAv27LTPlq":{"chainKey":{"counter":1,"key":"09BNe9n1MlVJYIavndTS3qgBQAazONtOmnd+PqpxRow="},"chainType":1,"messageKeys":{}}},"pendingPreKey":{"signedKeyId":1,"baseKey":"BUP1zphX/u8nZcL9tR5RqsDEWG77YUPa5ThmfUbBkAYP","preKeyId":14023978}}},"version":"v1"}