{"_sessions":{"BWA9n+T6RFDp07NDjQ/lShrd/4hWnNufMwXbejJcgYRw":{"registrationId":366004237,"currentRatchet":{"ephemeralKeyPair":{"pubKey":"BTd8IbXPplr8Fu2UMkLnna7yWXetCca0hTeJeo9JUtxT","privKey":"yDrKuNQO1UtssWYpMO6INo8jfUY4HqqtsbtlYV0bZ04="},"lastRemoteEphemeralKey":"BX5mdIan085irhUwk6T2HZi+cfFNBYaZ/4x6WVZZNFd0","previousCounter":0,"rootKey":"0dBm94y+W/aNFY7I4tQR7nf2X/uGLx9a8P7zwDOwREE="},"indexInfo":{"baseKey":"BWA9n+T6RFDp07NDjQ/lShrd/4hWnNufMwXbejJcgYRw","baseKeyType":2,"closed":-1,"used":1682857104117,"created":1682857104117,"remoteIdentityKey":"BVzZTR8QfyL1DXXfeLEMT/dPvDksHNINQNAjEv0WZ0Vw"},"_chains":{"BX5mdIan085irhUwk6T2HZi+cfFNBYaZ/4x6WVZZNFd0":{"chainKey":{"counter":0,"key":"0UeKZTMy+1Hq1DPDYTMGtp0WbsiAX1OSYcugOYKtgtI="},"chainType":2,"messageKeys":{}},"BTd8IbXPplr8Fu2UMkLnna7yWXetCca0hTeJeo9JUtxT":{"chainKey":{"counter":-1,"key":"zmkTeinc0Kw99Zm028wZKwRCdAUr0lDzVVDc/9fKvLA="},"chainType":1,"messageKeys":{}}}}},"version":"v1"}