{"_sessions":{"BbK5TgebybLIoyNDIxM9PEHgEURwrVXpkNL8TxEMKYAq":{"registrationId":526059391,"currentRatchet":{"ephemeralKeyPair":{"pubKey":"BVWjeKqdni91r7prD4t+KZVEuGgMTmUESAugTMYeyvUk","privKey":"aIDqIT/jU4Vj4EBvAf9926HJBBILrgGoZQxJVSC5Kkg="},"lastRemoteEphemeralKey":"BTP4pyga0wxcAfXVHWv15SDhjvPEyxdxW9W1YeJRns8+","previousCounter":0,"rootKey":"YKpCFajH95nm35Nxpt+ILVsmPmIS3fUObS9Vw39k7Kk="},"indexInfo":{"baseKey":"BbK5TgebybLIoyNDIxM9PEHgEURwrVXpkNL8TxEMKYAq","baseKeyType":1,"closed":-1,"used":1682820083315,"created":1682820083315,"remoteIdentityKey":"BYYTiSRcuLn2Z0CcJhYN6G6lb9SbyKCLQO7HW0p/L8Vm"},"_chains":{"BVWjeKqdni91r7prD4t+KZVEuGgMTmUESAugTMYeyvUk":{"chainKey":{"counter":4,"key":"Tv3f7Pk3HG/jAlfG9l0gygXi0pPYZ7WwSnhUtmieaR8="},"chainType":1,"messageKeys":{}}},"pendingPreKey":{"signedKeyId":8,"baseKey":"BbK5TgebybLIoyNDIxM9PEHgEURwrVXpkNL8TxEMKYAq","preKeyId":12446342}}},"version":"v1"}