{"_sessions":{"BWiQxexWGhZnSqA0IInniKeyNJIZ011HYB+JmTf7cQBc":{"registrationId":35,"currentRatchet":{"ephemeralKeyPair":{"pubKey":"BWmAeNETjIab58Q9/w8Wbh+RIFBzRx0fW8mQIa6QrENQ","privKey":"kGLtH6TQInPtbeizKVqu9IfZiy4WkbzzqT+WHTBgmWA="},"lastRemoteEphemeralKey":"BVU5svzvH43J2Y1P7549jb7L42j5mJXDsGIMO7p9ssVc","previousCounter":0,"rootKey":"UQs4KG5Pnt/TM+fDpqvKJnGqvMVf6xIil6mE24Y1yto="},"indexInfo":{"baseKey":"BWiQxexWGhZnSqA0IInniKeyNJIZ011HYB+JmTf7cQBc","baseKeyType":2,"closed":-1,"used":1682857106052,"created":1682857106052,"remoteIdentityKey":"BUVA35mFNn68iI056kPXpbsSMrZG7O1mWhyeDlS4Qghy"},"_chains":{"BVU5svzvH43J2Y1P7549jb7L42j5mJXDsGIMO7p9ssVc":{"chainKey":{"counter":0,"key":"/Mc5OZ1vJkMlh4H3Hk/fYRpktatLVzXW1Lr7fJl0oLM="},"chainType":2,"messageKeys":{}},"BWmAeNETjIab58Q9/w8Wbh+RIFBzRx0fW8mQIa6QrENQ":{"chainKey":{"counter":2,"key":"ajWhDgQ92TMkvSmj+VLekIUcLfQ1vQq34+RrNey+mPs="},"chainType":1,"messageKeys":{}}}}},"version":"v1"}