{"_sessions":{"BUmzNbik4PlC+Q967SBxP+6O4AR2T7J0CJlQh7sveDZ8":{"registrationId":1506148343,"currentRatchet":{"ephemeralKeyPair":{"pubKey":"BWES90PLuna5RabaTJPE3Jnuu0POY3jhAwPOvYUKgJII","privKey":"8ERv0jTopf/0yxFao0+D5SpbGXw8B560Ix6rMyQItHw="},"lastRemoteEphemeralKey":"BacRuksaCeT2q0d0PJAkydZARkeLw+GjdcY6EyQsMdYH","previousCounter":0,"rootKey":"PEQoaIwoS06eEGbLZDozvP4hJRUeTK668xZMmxvxxm4="},"indexInfo":{"baseKey":"BUmzNbik4PlC+Q967SBxP+6O4AR2T7J0CJlQh7sveDZ8","baseKeyType":1,"closed":-1,"used":1682820082677,"created":1682820082677,"remoteIdentityKey":"BYIe/aW4v/+QEMvf3VXypwYPDo3QYNRlhRdq0MN64hsL"},"_chains":{"BWES90PLuna5RabaTJPE3Jnuu0POY3jhAwPOvYUKgJII":{"chainKey":{"counter":4,"key":"ydu39yjDi0unPf3u1zzYn+RvPUx8I9fPPh8vAS1LuGI="},"chainType":1,"messageKeys":{}}},"pendingPreKey":{"signedKeyId":0,"baseKey":"BUmzNbik4PlC+Q967SBxP+6O4AR2T7J0CJlQh7sveDZ8","preKeyId":1153890}}},"version":"v1"}