{"_sessions":{"BTlEse4qgp8d7NWGUSvNG2g1hl4yOqaIkjQv6N1hJp9w":{"registrationId":221789818,"currentRatchet":{"ephemeralKeyPair":{"pubKey":"BS4Vj8jhx0GQB9q3dPQyrlBfPLOifS38ENlquHZm/P4J","privKey":"sB7WYL+XfKNIDa5I2svYNEnWhe373/l3ElGcnazLrmE="},"lastRemoteEphemeralKey":"BUzIIVNNDMofDigDsI66oguJeBs9kuhiSKXYfia0ztwd","previousCounter":0,"rootKey":"Qs/LAVWabJHn0bDnSsbeOp4HkmicAOQG5LvoP2lKfHc="},"indexInfo":{"baseKey":"BTlEse4qgp8d7NWGUSvNG2g1hl4yOqaIkjQv6N1hJp9w","baseKeyType":1,"closed":-1,"used":1682820082261,"created":1682820082261,"remoteIdentityKey":"BTIyeTrkwiOdlE0oR5ljFg88NJ/e5lDeAdcRoK87WaZh"},"_chains":{"BS4Vj8jhx0GQB9q3dPQyrlBfPLOifS38ENlquHZm/P4J":{"chainKey":{"counter":4,"key":"1PvH/z4TKUOELSZDkaLcMEfxL0kRY+p6tAibCuwmto4="},"chainType":1,"messageKeys":{}}},"pendingPreKey":{"signedKeyId":1,"baseKey":"BTlEse4qgp8d7NWGUSvNG2g1hl4yOqaIkjQv6N1hJp9w","preKeyId":10405673}}},"version":"v1"}