{"_sessions":{"BT8mTKiz9wKhI2vPoIV4mzrk9ayOOI3bdPhkJDO20jB2":{"registrationId":2757,"currentRatchet":{"ephemeralKeyPair":{"pubKey":"BQTuwvIHTKrSLWqKGFodcs4JlJ3q2hnMbqJ5wWocny1Q","privKey":"QPYEk34dxs/kK6FW8sUI/jA29ytCVIHcErngiNFfkEg="},"lastRemoteEphemeralKey":"BVnnUAXOnJpjuQkzgygtaGuuv4S0uw+vOYXEeBiays1W","previousCounter":0,"rootKey":"HZ/bj1ay4g/Vk2999PpyJJ8CsUGQ7ZBXT3l+UO8DQyc="},"indexInfo":{"baseKey":"BT8mTKiz9wKhI2vPoIV4mzrk9ayOOI3bdPhkJDO20jB2","baseKeyType":1,"closed":-1,"used":1682820082361,"created":1682820082361,"remoteIdentityKey":"Bcv+Vas3+yio60E39f0UoXe+zyFh/STMF13gR8IdWSdO"},"_chains":{"BQTuwvIHTKrSLWqKGFodcs4JlJ3q2hnMbqJ5wWocny1Q":{"chainKey":{"counter":4,"key":"PZcLqnEdVymEsyzvPOHxm6wWE0vrDXt0AZGB2dir1n8="},"chainType":1,"messageKeys":{}}},"pendingPreKey":{"signedKeyId":1,"baseKey":"BT8mTKiz9wKhI2vPoIV4mzrk9ayOOI3bdPhkJDO20jB2"}}},"version":"v1"}