{"_sessions":{"BfcxSZHhdMv1DPwLCPZcHAo3ukW/yoxOghBXAnlQ1TUc":{"registrationId":147879312,"currentRatchet":{"ephemeralKeyPair":{"pubKey":"BXMn8vUqCHFzPs2IHU+DQ0WlCIhXvhxUEXXPTxGWkos1","privKey":"aJW+A1WtLKM0NPqRoupwjCfAqFyFIcWj7fNtZhpcBHE="},"lastRemoteEphemeralKey":"Bbf34QktxFmrhxJJwsGg4aXUnK3LOYWGBgAPSrX7bYU4","previousCounter":0,"rootKey":"YZo9Pkn7ioRDTXJV2Pyumit8G6DzKXMdqXvzdZCC+lg="},"indexInfo":{"baseKey":"BfcxSZHhdMv1DPwLCPZcHAo3ukW/yoxOghBXAnlQ1TUc","baseKeyType":1,"closed":-1,"used":1682820083180,"created":1682820083180,"remoteIdentityKey":"BeUXmM0AXRyaF6+ZsXuoLT7UZFkl2Yxjpyy0ysIbe75a"},"_chains":{"BXMn8vUqCHFzPs2IHU+DQ0WlCIhXvhxUEXXPTxGWkos1":{"chainKey":{"counter":4,"key":"TtLbp1UGlZ1umrnOIajeO9v4VyLInl1Z3F1RHPI32g4="},"chainType":1,"messageKeys":{}}},"pendingPreKey":{"signedKeyId":0,"baseKey":"BfcxSZHhdMv1DPwLCPZcHAo3ukW/yoxOghBXAnlQ1TUc","preKeyId":5250906}}},"version":"v1"}