{"_sessions":{"BfdtDaBFoQ7cs9VEZEukGer4j9QPqlVscjYgOgO85fI/":{"registrationId":420795011,"currentRatchet":{"ephemeralKeyPair":{"pubKey":"BcPm0HMEQtaph1CT91zsvjcGl/sDKg6LpZLLYo7DpCVf","privKey":"yDG1dRnt+ipYh2tMH6tdTVIn7TYgMGTg+TwbMq4ylHE="},"lastRemoteEphemeralKey":"BbeqjgvOcsR6P+y89hdyrrKZsXQ3zetncRfmb1L7SNc9","previousCounter":0,"rootKey":"soChdqJlwxbQUUZPxU+H8GxvCWgaigrvDt96SVjtqPI="},"indexInfo":{"baseKey":"BfdtDaBFoQ7cs9VEZEukGer4j9QPqlVscjYgOgO85fI/","baseKeyType":1,"closed":-1,"used":1682820083204,"created":1682820083204,"remoteIdentityKey":"BZB0V87vC1h9fKi6xYaSZj4TfYRBJuPObOumcmWqCJgo"},"_chains":{"BcPm0HMEQtaph1CT91zsvjcGl/sDKg6LpZLLYo7DpCVf":{"chainKey":{"counter":4,"key":"q32wCfPgTT0HzfugDvqXvU8oLPA72NcETIy/EBR/DvA="},"chainType":1,"messageKeys":{}}},"pendingPreKey":{"signedKeyId":1,"baseKey":"BfdtDaBFoQ7cs9VEZEukGer4j9QPqlVscjYgOgO85fI/","preKeyId":14250134}}},"version":"v1"}