{"_sessions":{"BSw+XIIZ5MnXUpu/Ujb0bNCqW2hlakIjqHhvVNMX41kH":{"registrationId":1181765153,"currentRatchet":{"ephemeralKeyPair":{"pubKey":"BQ54sxrM3LqcmoRji9cKV0Wwil548kT577ydoigNoz81","privKey":"ACf/7RPVW+UEDCuFtkMUdoXs/UTX1HwATvUMYCQb6W4="},"lastRemoteEphemeralKey":"BWWBZFpJ11aPLi7ql0T3AYPzLtyw0qmPGFVpcPxIvrcZ","previousCounter":0,"rootKey":"DJQwJ9DqxMA3qKVkiv4wnS92lel/V83Ss/fTrOzv35c="},"indexInfo":{"baseKey":"BSw+XIIZ5MnXUpu/Ujb0bNCqW2hlakIjqHhvVNMX41kH","baseKeyType":1,"closed":-1,"used":1682820082535,"created":1682820082535,"remoteIdentityKey":"BYyGYgXsW6amFDM8eg8b0AfRsH5VTyrv3knVAfoslIZ+"},"_chains":{"BQ54sxrM3LqcmoRji9cKV0Wwil548kT577ydoigNoz81":{"chainKey":{"counter":4,"key":"MRuKh7CmoWGBMNLY03lKxtTGanM0CpMWy0dPW6iTemY="},"chainType":1,"messageKeys":{}}},"pendingPreKey":{"signedKeyId":5,"baseKey":"BSw+XIIZ5MnXUpu/Ujb0bNCqW2hlakIjqHhvVNMX41kH","preKeyId":1305346}}},"version":"v1"}