{"_sessions":{"Ba3LGdGWAwgIWTjJcmXSmwmhUTy/dYXodl8h1v0hEFts":{"registrationId":1409102691,"currentRatchet":{"ephemeralKeyPair":{"pubKey":"BbRR3xgSJ982TlERhlC9Vu0zpgAG+AEJ+JZbaaj2A6Fe","privKey":"iK+VAtI5OmPviFZ6um3TkmAw+3KYiv6SuAOp7z6oZH8="},"lastRemoteEphemeralKey":"BUqsD/ABK767zqOxq0PZdUq9SUt68h4WpvMKjBOIsxQp","previousCounter":0,"rootKey":"Ml827xpYtD3ZLKaPlDdfHTkIG140NNtwFTabapPBwwk="},"indexInfo":{"baseKey":"Ba3LGdGWAwgIWTjJcmXSmwmhUTy/dYXodl8h1v0hEFts","baseKeyType":1,"closed":-1,"used":1682820083159,"created":1682820083159,"remoteIdentityKey":"BVvk0mLU7ZnAOK/1q16b/7qhUTRpK7mCm3d5leTN7PB0"},"_chains":{"BbRR3xgSJ982TlERhlC9Vu0zpgAG+AEJ+JZbaaj2A6Fe":{"chainKey":{"counter":4,"key":"9VT4ZwPCADjV0EWFvR8+I6ar9YIRXjgQRda6RPrDEDE="},"chainType":1,"messageKeys":{}}},"pendingPreKey":{"signedKeyId":0,"baseKey":"Ba3LGdGWAwgIWTjJcmXSmwmhUTy/dYXodl8h1v0hEFts"}}},"version":"v1"}