{"_sessions":{"BUUB9jbPMl5wiz4TbDZ4kmBQ23J1Y6X6PnREcIaeZG4L":{"registrationId":1771220261,"currentRatchet":{"ephemeralKeyPair":{"pubKey":"BRYItZAZPt4YQghfgI3u81YSn3gDeMocUhcQNGaMM8oF","privKey":"CA3a5PdoZw3TdkTkJmaajyeCWzcKQ86dr24RDzy6Y1E="},"lastRemoteEphemeralKey":"Bb2Wge2AmUtIwJndDHrGtY6pkWSxZiVBWyZPIRwCLDxW","previousCounter":0,"rootKey":"cuZpplOlAFPyRwgcqnS7+RFrLdCFbK+BXtLu8HCs+uE="},"indexInfo":{"baseKey":"BUUB9jbPMl5wiz4TbDZ4kmBQ23J1Y6X6PnREcIaeZG4L","baseKeyType":1,"closed":-1,"used":1682820083027,"created":1682820083027,"remoteIdentityKey":"BRv0qdL+BgwNff6QgEMb8FV4EStRsX/rwNC9aGo0arII"},"_chains":{"BRYItZAZPt4YQghfgI3u81YSn3gDeMocUhcQNGaMM8oF":{"chainKey":{"counter":4,"key":"lFltm0MtOZnzTdKMc2+GIYGMPXYbUNs4AUi8bURSS5U="},"chainType":1,"messageKeys":{}}},"pendingPreKey":{"signedKeyId":0,"baseKey":"BUUB9jbPMl5wiz4TbDZ4kmBQ23J1Y6X6PnREcIaeZG4L","preKeyId":3385522}}},"version":"v1"}