{"_sessions":{"BbZaKnK58rqHFhLML7shopbGy9EQM4sokxY/IpvgNs8T":{"registrationId":39,"currentRatchet":{"ephemeralKeyPair":{"pubKey":"BfeI+9nc+2RXcNBeRwMZDGtl8/HtKsFXAKLV2WwzwXwk","privKey":"8JlxkgiZzBzCt7CZIJ/W02tZQOWEov27d3fNRB3DnGc="},"lastRemoteEphemeralKey":"BUvc3kHzjhjDnXfAOxC6arHxALSBQy7IHPX22X5J8HRB","previousCounter":0,"rootKey":"Bk9DL3GPb3VVsXbZyDcUjyuxtIFOhH/66c/7Y9HSjWo="},"indexInfo":{"baseKey":"BbZaKnK58rqHFhLML7shopbGy9EQM4sokxY/IpvgNs8T","baseKeyType":1,"closed":-1,"used":1682820082299,"created":1682820082299,"remoteIdentityKey":"BbbeAjsFH7lkmcoX+mDUFhHpW75YEkOEHCW2stYN0UJ4"},"_chains":{"BfeI+9nc+2RXcNBeRwMZDGtl8/HtKsFXAKLV2WwzwXwk":{"chainKey":{"counter":4,"key":"5f+8LEGD0jkliCj92sWy9N1rB2/O+N2Rl76gQHloNTQ="},"chainType":1,"messageKeys":{}}},"pendingPreKey":{"signedKeyId":1,"baseKey":"BbZaKnK58rqHFhLML7shopbGy9EQM4sokxY/IpvgNs8T"}}},"version":"v1"}