[{"id":"628976639269@s.whatsapp.net","ikan":0,"ayam":0,"kelinci":0,"domba":0,"sapi":0,"gajah":0},{"id":"628976639269@s.whatsapp.net","ikan":0,"ayam":0,"kelinci":0,"domba":0,"sapi":0,"gajah":0},{"id":"628976639269@s.whatsapp.net","ikan":0,"ayam":0,"kelinci":0,"domba":0,"sapi":0,"gajah":0},{"id":"628976639269@s.whatsapp.net","ikan":0,"ayam":0,"kelinci":0,"domba":0,"sapi":0,"gajah":0},{"id":"628976639269@s.whatsapp.net","ikan":0,"ayam":0,"kelinci":0,"domba":0,"sapi":0,"gajah":0},{"id":"628976639269@s.whatsapp.net","ikan":0,"ayam":0,"kelinci":0,"domba":0,"sapi":0,"gajah":0},{"id":"628976639269@s.whatsapp.net","ikan":0,"ayam":0,"kelinci":0,"domba":0,"sapi":0,"gajah":0},{"id":"628976639269@s.whatsapp.net","ikan":0,"ayam":0,"kelinci":0,"domba":0,"sapi":0,"gajah":0},{"id":"628976639269@s.whatsapp.net","ikan":0,"ayam":0,"kelinci":0,"domba":0,"sapi":0,"gajah":0},{"id":"628976639269@s.whatsapp.net","ikan":0,"ayam":0,"kelinci":0,"domba":0,"sapi":0,"gajah":0},{"id":"628976639269@s.whatsapp.net","ikan":0,"ayam":0,"kelinci":0,"domba":0,"sapi":0,"gajah":0},{"id":"628976639269@s.whatsapp.net","ikan":0,"ayam":0,"kelinci":0,"domba":0,"sapi":0,"gajah":0},{"id":"628976639269@s.whatsapp.net","ikan":0,"ayam":0,"kelinci":0,"domba":0,"sapi":0,"gajah":0},{"id":"628976639269@s.whatsapp.net","ikan":0,"ayam":0,"kelinci":0,"domba":0,"sapi":0,"gajah":0},{"id":"628976639269@s.whatsapp.net","ikan":0,"ayam":0,"kelinci":0,"domba":0,"sapi":0,"gajah":0},{"id":"628976639269@s.whatsapp.net","ikan":0,"ayam":0,"kelinci":0,"domba":0,"sapi":0,"gajah":0},{"id":"6285774592291@s.whatsapp.net","ikan":0,"ayam":0,"kelinci":0,"domba":0,"sapi":0,"gajah":0},{"id":"6285774592291@s.whatsapp.net","ikan":0,"ayam":0,"kelinci":0,"domba":0,"sapi":0,"gajah":0},{"id":"6285774592291@s.whatsapp.net","ikan":0,"ayam":0,"kelinci":0,"domba":0,"sapi":0,"gajah":0},{"id":"6285774592291@s.whatsapp.net","ikan":0,"ayam":0,"kelinci":0,"domba":0,"sapi":0,"gajah":0},{"id":"6285774592291@s.whatsapp.net","ikan":0,"ayam":0,"kelinci":0,"domba":0,"sapi":0,"gajah":0},{"id":"62838766060290@s.whatsapp.net","ikan":0,"ayam":0,"kelinci":0,"domba":0,"sapi":0,"gajah":0},{"id":"62838766060290@s.whatsapp.net","ikan":0,"ayam":0,"kelinci":0,"domba":0,"sapi":0,"gajah":0},{"id":"62838766060290@s.whatsapp.net","ikan":0,"ayam":0,"kelinci":0,"domba":0,"sapi":0,"gajah":0},{"id":"62838766060290@s.whatsapp.net","ikan":0,"ayam":0,"kelinci":0,"domba":0,"sapi":0,"gajah":0},{"id":"62838766060290@s.whatsapp.net","ikan":0,"ayam":0,"kelinci":0,"domba":0,"sapi":0,"gajah":0},{"id":"62838766060290@s.whatsapp.net","ikan":0,"ayam":0,"kelinci":0,"domba":0,"sapi":0,"gajah":0},{"id":"6285813708397@s.whatsapp.net","ikan":0,"ayam":0,"kelinci":0,"domba":0,"sapi":0,"gajah":0},{"id":"6285290376979@s.whatsapp.net","ikan":0,"ayam":0,"kelinci":0,"domba":0,"sapi":0,"gajah":0},{"id":"62812307803917@s.whatsapp.net","ikan":0,"ayam":0,"kelinci":0,"domba":0,"sapi":0,"gajah":0},{"id":"6287708773367@s.whatsapp.net","ikan":0,"ayam":0,"kelinci":0,"domba":0,"sapi":0,"gajah":0},{"id":"62838766060290@s.whatsapp.net","ikan":0,"ayam":0,"kelinci":0,"domba":0,"sapi":0,"gajah":0},{"id":"6285813708397@s.whatsapp.net","ikan":0,"ayam":0,"kelinci":0,"domba":0,"sapi":0,"gajah":0},{"id":"6283879737081@s.whatsapp.net","ikan":0,"ayam":0,"kelinci":0,"domba":0,"sapi":0,"gajah":0},{"id":"62895360027863@s.whatsapp.net","ikan":0,"ayam":0,"kelinci":0,"domba":0,"sapi":0,"gajah":0},{"id":"6285813708397@s.whatsapp.net","ikan":0,"ayam":0,"kelinci":0,"domba":0,"sapi":0,"gajah":0},{"id":"6285813708397@s.whatsapp.net","ikan":0,"ayam":0,"kelinci":0,"domba":0,"sapi":0,"gajah":0}]